timestamp_ms,qp_id,bytes,start_ns,last_ns,last_bps,below_ns_accum
1763637691385,1288,3767164,86842142927751,86842224603852,350697684,100068520
1763637691385,1301,1963866,86842185348489,86842227897258,335285677,100086358
1763637691385,1276,4295648,86842112092846,86842206240454,367665399,100044296
1763637691385,1269,238874,86842203350764,86842207324128,361958782,0
1763637691385,1296,3987004,86842118315206,86842205810268,367253717,100018183
1763637691385,1277,4151944,86842123622908,86842223085113,317573069,0
1763637691385,1306,2386698,86842170132809,86842223466396,338426610,100003702
1763637691385,1253,2456452,86842167442988,86842222624153,338166518,100099369
1763637691385,1274,2606506,86842169576946,86842228327706,321642147,100021779
1763637691385,1287,1179612,86842205852601,86842227962175,318690685,100022350
1763637691385,1246,3716412,86842125722410,86842207295423,363903879,100056529
1763637691385,1314,7599870,87111245290051,87111318686661,721140075,0
1763637691385,1249,1128876,86842206442166,86842227707654,317647619,100016029
1763637691385,1309,444,87111528268210,87111528622207,11186,0
1763637691385,1324,6788046,87111251552201,87111318586794,706967807,0
1763637691385,1282,3669888,86842139587635,86842219459387,351400739,100066959
1763637691385,1,5152,87111554585319,87111563349787,29640,0
1763637691385,1299,792742,86842208983596,86842224641801,332372424,100022082
1763637691385,1280,3621274,86842125585879,86842205276294,367436132,100029128
1763637691385,1285,3629714,86842143979710,86842222470056,352942440,100044899
1763637691385,1317,1253594,87111313317562,87111318754369,722222741,0
1763637691385,1250,3915128,86842119038524,86842204798389,367071052,100082841
1763637691385,1283,3682588,86842125321072,86842206224924,367448815,100011163
1763637691385,1292,4234398,86842124768805,86842223872785,317002039,0
1763637691385,1254,21140,86842204728406,86842205207714,366288042,0
1763637691385,1248,215628,86842212106198,86842216711291,356935822,0
1763637691385,1286,3612802,86842140243143,86842222198708,331878836,100075365
1763637691385,1251,2790480,86842147013670,86842207402131,364742487,100002186
1763637691385,1304,4027162,86842118491948,86842206973042,367338544,100000113
1763637691385,1316,12927102,87111229200279,87111313191319,1202506474,0
1763637691385,1302,2509310,86842170176873,86842227393631,318876229,100011997
1763637691385,1279,3228038,86842152729275,86842227319043,316727035,100081162
1763637691385,1310,21207648,87111223226501,87111312858418,1890767969,0
1763637691385,1315,3109686,87111293091286,87111318709255,718425566,0
1763637691385,1305,4333700,86842125431281,86842220145225,351103739,100091841
1763637691385,1244,444,86842406303063,86842406746409,5285,0
1763637691385,1308,2557940,86842168794549,86842227360134,319305964,100030089
1763637691385,1260,3291506,86842149040917,86842219573801,351267353,100207946
1763637691385,1266,3103368,86842155094595,86842226056075,313005552,100088216
1763637691385,1271,2257752,86842158053573,86842207400802,365889344,100024137
1763637691385,1293,3517696,86842129514522,86842206888875,367485268,100002122
1763637691385,1289,4151896,86842128793601,86842219350978,351404655,100010971
1763637691385,1290,3621274,86842126050464,86842206356867,363912094,100007587
1763637691385,1322,19827198,87111222976090,87111312416139,1750094270,0
1763637691385,1261,3712184,86842144067169,86842224410241,352191915,100044018
1763637691385,1291,4282964,86842112869934,86842206760955,367588337,100120867
1763637691385,1270,143752,86842222668893,86842225502480,342769653,100055251
1763637691385,1307,4094810,86842117300594,86842207138490,367100340,100051030
1763637691385,1320,19264874,87111222446317,87111312277056,1693783252,0
1763637691385,1284,3331664,86842131951386,86842205400523,367485663,0
1763637691385,1297,3619168,86842127368339,86842206943936,367888326,100012472
1763637691385,1312,13411216,87111225696347,87111313158722,1203691198,0
1763637691385,1313,19328294,87111221873365,87111312257577,1694900592,0
1763637691385,1268,3710062,86842126046828,86842207367863,363953902,100010664
1763637691385,1319,43499770,87111220256241,87111310595477,3856522051,0
1763637691385,1247,3183684,86842137656763,86842207273254,364157208,100043220
1763637691385,1278,4033512,86842118418018,86842206949060,367218221,100041693
1763637691385,1300,2437418,86842169451318,86842223687488,333523762,100006989
1763637691385,1265,3636080,86842126999465,86842206896652,367878013,100035461
1763637691385,1311,21467662,87111222502348,87111312906081,1889253251,0
1763637691385,1275,3386596,86842144711863,86842218004764,352300474,100044748
1763637691385,1267,2183770,86842176316750,86842224324962,244517341,100057689
1763637691385,1281,2352906,86842170533244,86842223135903,337731966,100014212
1763637691385,1325,6690786,87111253606173,87111318756377,713615362,0
1763637691385,1257,3777710,86842124697229,86842207399474,364165269,100108346
1763637691385,1298,4549328,86842107020501,86842206895619,367633060,100055308
1763637691385,1272,3982776,86842117953571,86842205402607,367191412,0
1763637691385,1258,2642500,86842147953674,86842206454919,364894370,100057263
1763637691385,1273,1188052,86842199952857,86842223047346,335861198,0
1763637691385,1256,2824304,86842161408890,86842225944095,318410696,0
1763637691385,1252,3739674,86842138840621,86842220198384,351250072,0
1763637691385,1318,13180782,87111227381084,87111313192216,1203242218,0
1763637691385,1321,20034370,87111221829738,87111312412616,1750603597,0
1763637691385,1323,20964530,87111224217257,87111312826311,1890387049,0
1763637691385,1295,4063108,86842118030035,86842207225348,367224810,100050393
1763637691385,1294,1695428,86842191159300,86842226245416,334524017,100089670
1763637691385,1255,1173262,86842201998436,86842225044060,316309266,100001359
1763637691385,1262,414344,86842212518961,86842221284435,356429454,0
1763637691385,1259,4109616,86842117425157,86842207621371,367166985,100095786
1763637691385,1245,4261824,86842111921118,86842205395917,367846353,100107889
1763637691385,1263,10562,86842205291067,86842205490242,366211506,0
1763637691385,1264,3987004,86842117590951,86842205211285,367176550,100085079
1763637691385,1303,2534678,86842165218867,86842225636062,304597878,100072017
1763637695002,1,322,87294488877843,87294504059780,14939,0
1763637696008,1326,374,87295504426086,87295505653699,0,0
1763637696108,1,9982,87295519587148,87295601010298,9968,0
1763637696108,1326,488,87295504426086,87295601017438,0,0
1763637696210,1334,14914374,87295619264876,87295714023512,0,0
1763637696210,1336,14935466,87295619826196,87295713942471,0,0
1763637696210,1329,27536964,87295618928863,87295714071254,0,0
1763637696210,1339,14814928,87295619924952,87295714088538,0,0
1763637696210,1337,15144760,87295619410725,87295714085565,0,0
1763637696210,1335,54016928,87295619028348,87295714089903,0,0
1763637696210,1330,15212392,87295618939694,87295714149489,0,0
1763637696210,1333,15049702,87295619207702,87295714156129,0,0
1763637696210,1340,15013676,87295619562366,87295714155680,0,0
1763637696210,1328,15178648,87295618921668,87295714155688,0,0
1763637696210,1341,27295968,87295619328789,87295714243439,0,0
1763637696210,1342,75829180,87295619206426,87295714016166,0,0
1763637696210,1332,14998934,87295619560770,87295714322452,0,0
1763637696210,1331,15387798,87295618977670,87295714350380,0,0
1763637696210,1327,14884730,87295618914137,87295714363474,0,0
1763637696210,1338,14804398,87295619616129,87295714382085,0,0
1763637696210,1326,3648,87295616313045,87295618664239,21521,111886959
1763637696311,1334,11853286,87295719303603,87295814537796,622378411,0
1763637696311,1336,11756026,87295719866903,87295814579193,626675299,0
1763637696311,1329,23979094,87295719296806,87295814554202,1145716177,0
1763637696311,1339,11787712,87295719974338,87295814579845,622224068,0
1763637696311,1337,12009706,87295719459856,87295814638354,631947517,0
1763637696311,1335,43292598,87295719084171,87295814629630,2246097600,0
1763637696311,1330,12170370,87295719009871,87295814636552,631475329,0
1763637696311,1333,11954726,87295719230422,87295814659169,627044495,0
1763637696311,1340,12085826,87295719601745,87295814675238,626767185,0
1763637696311,1328,12083672,87295718921822,87295814722861,629976149,0
1763637696311,1341,23831114,87295719340634,87295814595628,1145398967,0
1763637696311,1342,80769590,87295719234454,87295814537196,3189301542,0
1763637696311,1332,11872320,87295719621461,87295814722123,626467870,0
1763637696311,1331,12142896,87295719008906,87295814802067,637974722,0
1763637696311,1327,12035122,87295718918958,87295814853475,618359708,0
1763637696311,1338,11872240,87295719626724,87295814903661,617732471,0
1763637696411,1334,11963214,87295819303874,87295915103741,808996096,0
1763637696411,1336,11946302,87295819879570,87295915099904,809560312,0
1763637696411,1329,24152442,87295819388903,87295915087155,1579716881,0
1763637696411,1339,11912414,87295819975630,87295915098124,809335036,0
1763637696411,1337,12250622,87295819476061,87295915130483,821140776,0
1763637696411,1335,43664662,87295819112270,87295915149860,2939563657,0
1763637696411,1330,12362704,87295819018165,87295915194365,826102694,0
1763637696411,1333,12126000,87295819252378,87295915170534,814939756,0
1763637696411,1340,12199918,87295819602184,87295915193027,823958471,0
1763637696411,1328,12172540,87295818963735,87295915253233,818503196,0
1763637696411,1341,24262370,87295819389403,87295915262617,1571542437,0
1763637696411,1342,81575032,87295819234858,87295915077221,4966466828,0
1763637696411,1332,12003356,87295819737499,87295915355184,812324000,0
1763637696411,1331,12373250,87295819016298,87295915386908,826228825,0
1763637696411,1327,12071004,87295818967150,87295915396532,810384233,0
1763637696411,1338,11925082,87295819667338,87295915424735,807991280,0
1763637696512,1334,12242166,87295919366666,87296015574495,905120976,0
1763637696512,1336,12375420,87295919904988,87296015556361,906773039,0
1763637696512,1329,24645012,87295919401212,87296015570861,1798535082,0
1763637696512,1339,12476844,87295919992110,87296015600199,905349965,0
1763637696512,1337,11035080,87295919514712,87296015650173,922129785,0
1763637696512,1335,45119094,87295919150716,87296015628829,3287461243,0
1763637696512,1330,11104850,87295919097949,87296015649034,927528316,0
1763637696512,1333,11508616,87295919281411,87296015264413,913841743,0
1763637696512,1340,10827908,87295919639817,87296015688264,922530779,0
1763637696512,1328,13125834,87295918970358,87296015706057,915145372,0
1763637696512,1341,24651346,87295919400261,87296015704760,1796829917,0
1763637696512,1342,81818134,87295919245018,87296015544524,5871800575,0
1763637696512,1332,12493788,87295919769334,87296015786885,908375960,0
1763637696512,1331,10984360,87295919098460,87296015782795,927240556,0
1763637696512,1327,12652362,87295918999101,87296015843132,906137179,0
1763637696512,1338,12068850,87295919764032,87296015260863,902333537,0
1763637696615,1334,12400708,87296020747188,87296118342941,958266702,0
1763637696615,1336,12474770,87296019904995,87296119017505,969628163,0
1763637696615,1329,24611188,87296019431146,87296118933180,1922897847,0
1763637696615,1339,12478950,87296020020435,87296119021091,972994721,0
1763637696615,1337,12593138,87296019520392,87296119092941,922736269,0
1763637696615,1335,45761750,87296019213273,87296119100763,3508296045,0
1763637696615,1330,12986342,87296019143613,87296119094286,926265281,0
1763637696615,1333,12369038,87296019283032,87296119150128,931633016,0
1763637696615,1340,12975732,87296019640973,87296119153136,913656159,0
1763637696615,1328,12140710,87296018987401,87296117764886,1004667524,0
1763637696615,1341,24649240,87296019431643,87296119184629,1919832577,0
1763637696615,1342,84219638,87296019255856,87296119012883,6319286556,0
1763637696615,1332,12588942,87296019795648,87296119289692,972997780,0
1763637696615,1331,31702,87296119147630,87296119302121,985922263,0
1763637696615,1327,42280,87296119089011,87296119325668,991428279,0
1763637696615,1338,12322514,87296019794090,87296119363954,951697039,0
1763637696716,1334,16400428,87296120766526,87296219522095,985380093,0
1763637696716,1336,12362720,87296119937978,87296219587568,988205088,0
1763637696716,1329,31702,87296219516567,87296219582696,1981787534,0
1763637696716,1339,12476844,87296120045449,87296219588010,990687722,0
1763637696716,1337,4228,87296219623229,87296219627746,990821064,0
1763637696716,1335,200822,87296219326378,87296219651714,3600091637,0
1763637696716,1330,73998,87296219163747,87296219628642,1000465648,0
1763637696716,1333,7618872,87296119300196,87296218850446,962184031,0
1763637696716,1340,4228,87296219667981,87296219674301,1006382721,0
1763637696716,1328,6334,87296219606868,87296219611734,1148132191,0
1763637696716,1341,65526,87296219517083,87296219684471,1980928975,0
1763637696716,1342,65526,87296219510117,87296219543398,6634158454,0
1763637696716,1332,12459996,87296119831296,87296219814125,992666291,0
1763637696716,1331,107822,87296219162721,87296219810704,1011237638,0
1763637696716,1327,107822,87296219114387,87296219813684,995930964,0
1763637696716,1338,7752046,87296119801123,87296219608168,972011704,0
1763637696816,1334,9641962,87296220841277,87296320106827,1163088596,0
1763637696816,1336,23246,87296319975734,87296320131262,991027270,0
1763637696816,1329,169120,87296319517711,87296320155494,1999006554,0
1763637696816,1339,16912,87296320056675,87296320200803,997728448,0
1763637696816,1337,69770,87296319661681,87296320189216,1005365244,0
1763637696816,1335,369942,87296319451866,87296320197006,3605334957,0
1763637696816,1330,128946,87296319210239,87296320253037,1014373869,0
1763637696816,1333,12049784,87296220482430,87296319262972,782369965,0
1763637696816,1340,76104,87296319725165,87296320257622,1015501121,0
1763637696816,1328,143752,87296319645495,87296320314108,1068889200,0
1763637696816,1341,211400,87296319517214,87296320314097,1999348205,0
1763637696816,1342,539062,87296319536672,87296320137064,6690465664,0
1763637696816,1332,71876,87296319863796,87296320388631,993189527,0
1763637696816,1331,152208,87296319210780,87296320347182,1023131947,0
1763637696816,1327,154330,87296319191842,87296320389965,992766873,0
1763637696816,1338,14096136,87296219966438,87296319835471,795660666,0
1763637696917,1334,8164284,87296322310559,87296420663561,965555214,0
1763637696917,1336,97244,87296420056773,87296420679425,991901687,0
1763637696917,1329,293854,87296419556034,87296420627282,2006142222,0
1763637696917,1339,93016,87296420057269,87296420673152,995569273,0
1763637696917,1337,137418,87296419691483,87296420729188,1014711547,0
1763637696917,1335,589798,87296419452197,87296420688807,3605480711,0
1763637696917,1330,194472,87296419219317,87296420730067,1019237730,0
1763637696917,1333,15497742,87296320491369,87296404274117,874232762,0
1763637696917,1340,139524,87296419739109,87296420787124,1017746006,0
1763637696917,1328,202944,87296419685960,87296420791609,861137123,0
1763637696917,1341,314994,87296419556986,87296420797911,2005707103,0
1763637696917,1342,978774,87296419542739,87296420641191,6709840221,0
1763637696917,1332,162770,87296419925992,87296420920287,1000602251,0
1763637696917,1331,257892,87296419381485,87296420939204,1018317483,0
1763637696917,1327,236768,87296419277582,87296420958243,994272146,0
1763637696917,1338,302294,87296420889627,87296422629326,1156882552,0
1763637697020,1334,147980,87296523552029,87296524057713,874237143,0
1763637697020,1336,498904,87296520123727,87296524078541,989285656,0
1763637697020,1329,1133104,87296519597683,87296523998024,2005197095,0
1763637697020,1339,486220,87296520124216,87296524077641,988073522,0
1763637697020,1337,591920,87296519716903,87296524160063,1009346727,0
1763637697020,1335,2196438,87296519510773,87296524141572,3600447650,0
1763637697020,1330,651112,87296519239882,87296524159610,1012733559,0
1763637697020,1333,14193396,87296425518102,87296522708220,1027437094,0
1763637697020,1340,577114,87296519767693,87296524160507,1008987010,0
1763637697020,1328,868846,87296519691580,87296524025198,965719686,0
1763637697020,1341,1183840,87296519598196,87296524244892,2004983933,0
1763637697020,1342,3786166,87296519599487,87296524045960,6715118864,0
1763637697020,1332,536956,87296519981203,87296524299903,993099366,0
1763637697020,1331,661690,87296519406010,87296524338978,1025694301,0
1763637697020,1327,608832,87296519343514,87296524370358,993942198,0
1763637697020,1338,342468,87296520970264,87296524389575,957302813,0
1763637697122,1334,348802,87296625095015,87296626122273,909538399,0
1763637697122,1336,754706,87296620179750,87296626112669,993354234,0
1763637697122,1329,1634114,87296619636232,87296626150051,2005178542,0
1763637697122,1339,758918,87296620182954,87296626180276,994678693,0
1763637697122,1337,803320,87296619773346,87296626107134,1015889857,0
1763637697122,1335,3198474,87296619511000,87296626199054,3600163899,0
1763637697122,1330,866756,87296619254207,87296626237445,1020418581,0
1763637697122,1333,13284376,87296525572496,87296623886813,1096865350,0
1763637697122,1340,769496,87296619772867,87296626238351,1012419464,0
1763637697122,1328,1080246,87296621160186,87296625681604,939375743,0
1763637697122,1341,1693306,87296619636790,87296626321011,2005578675,0
1763637697122,1342,5545014,87296619621669,87296626121248,6712156115,0
1763637697122,1332,816020,87296620033144,87296626335881,1002383347,0
1763637697122,1331,913264,87296619413071,87296626389621,1026429606,0
1763637697122,1327,875212,87296619410171,87296626429148,992501913,0
1763637697122,1338,484098,87296621027359,87296626275614,952086218,0
1763637697223,1334,205050,87296725604429,87296726694818,925147665,0
1763637697223,1336,585586,87296720240061,87296726679652,893619557,0
1763637697223,1329,1452310,87296719697990,87296726653840,1831441868,0
1763637697223,1339,596148,87296720240533,87296726674246,897163451,0
1763637697223,1337,697636,87296719820487,87296726726373,911614474,0
1763637697223,1335,2602326,87296719645532,87296726755043,3280427211,0
1763637697223,1330,722988,87296719319592,87296726727255,918622969,0
1763637697223,1333,9472826,87296626276067,87296725925341,1076179521,0
1763637697223,1340,678602,87296719821485,87296726818377,911984692,0
1763637697223,1328,534834,87296721254622,87296725925784,884316792,0
1763637697223,1341,1481906,87296719697044,87296726869629,1831654393,0
1763637697223,1342,6086198,87296719706842,87296726686462,6795079197,0
1763637697223,1332,640550,87296720099239,87296726967850,903011770,0
1763637697223,1331,925932,87296719443498,87296728520511,922869197,0
1763637697223,1327,873090,87296719441411,87296728601318,897871650,0
1763637697223,1338,921704,87296721100061,87296727799129,970866722,0
1763637697326,1334,634200,87296825608452,87296830177305,1009487190,0
1763637697326,1336,1223998,87296820242304,87296830196054,925326325,0
1763637697326,1329,2498748,87296819698035,87296830229662,1795567018,0
1763637697326,1339,1194418,87296820242812,87296830193825,925489896,0
1763637697326,1337,1346610,87296819838031,87296830276455,956147457,0
1763637697326,1335,4936182,87296819704791,87296830234523,3398019947,0
1763637697326,1330,1384662,87296819468226,87296830275577,962794737,0
1763637697326,1333,331906,87296827833061,87296830310644,982334125,0
1763637697326,1340,1374100,87296819838503,87296830336179,952866587,0
1763637697326,1328,1259944,87296821370782,87296830353944,961008739,0
1763637697326,1341,2579080,87296819698615,87296830374104,1794983384,0
1763637697326,1342,8792118,87296819804058,87296830182534,6727995302,0
1763637697326,1332,1232470,87296820142176,87296830458840,930759148,0
1763637697326,1331,1452326,87296819467723,87296830475491,942041451,0
1763637697326,1327,1401590,87296819443545,87296830500431,927959602,0
1763637697326,1338,1274734,87296821111516,87296830538791,1035096557,0
1763637697428,1334,843478,87296925634075,87296932026089,1048241534,0
1763637697428,1336,1443870,87296920252227,87296932083018,957630206,0
1763637697428,1329,2851778,87296919698386,87296932096557,1803841048,0
1763637697428,1339,1395240,87296920252747,87296932083788,956103852,0
1763637697428,1337,1551676,87296919885294,87296932117446,987561249,0
1763637697428,1335,5714134,87296919722819,87296932145029,3506238726,0
1763637697428,1330,1634114,87296919479133,87296932118347,996990572,0
1763637697428,1333,625744,87296927879734,87296932157512,1037424347,0
1763637697428,1340,1549570,87296919883374,87296932182281,985087135,0
1763637697428,1328,1509380,87296921378990,87296932213637,1026465077,0
1763637697428,1341,2896180,87296919720439,87296932224482,1803861965,0
1763637697428,1342,10280374,87296919807022,87296932041908,6708415642,0
1763637697428,1332,1439642,87296920183414,87296932278173,961290190,0
1763637697428,1331,1621446,87296919480997,87296932341244,985079209,0
1763637697428,1327,1593940,87296919446678,87296932337758,960079378,0
1763637697428,1338,1503046,87296921138687,87296932392482,1058587192,0
1763637697529,1334,1289540,87297025640246,87297032440463,1005490821,0
1763637697529,1336,1536902,87297020252409,87297032535705,984146663,0
1763637697529,1329,3052616,87297019760469,87297032535205,1821700536,0
1763637697529,1339,1574922,87297020252880,87297032606502,978562860,0
1763637697529,1337,1264172,87297019980081,87297032624636,937806465,0
1763637697529,1335,6018550,87297019758538,87297032654774,3599250343,0
1763637697529,1330,1321242,87297019496898,87297032625076,962224184,0
1763637697529,1333,835022,87297027881555,87297032643257,1024371765,0
1763637697529,1340,1270506,87297019979518,87297032625516,955572073,0
1763637697529,1328,2033668,87297021409059,87297032685712,1130504051,0
1763637697529,1341,3046266,87297019759957,87297032611256,1822763727,0
1763637697529,1342,10652438,87297019824552,87297032545339,6688669689,0
1763637697529,1332,1585500,87297020185367,87297032770427,980640210,0
1763637697529,1331,2703798,87297019985051,87297032276804,1164196889,0
1763637697529,1327,1670076,87297019534978,87297032833751,982982230,0
1763637697529,1338,14045400,87296921138687,87297013633545,1058587192,0
1763637697629,1334,482008,87297125668269,87297133106427,928639342,0
1763637697629,1336,1426942,87297120254072,87297133135340,992917402,0
1763637697629,1329,2786252,87297119861453,87297133127633,1838889257,0
1763637697629,1339,1439642,87297120254552,87297133135789,988601481,0
1763637697629,1337,1722902,87297120037059,87297132060598,1023216755,0
1763637697629,1335,5545014,87297119803768,87297133129115,3648285342,0
1763637697629,1330,1925846,87297121934226,87297132953380,725950184,0
1763637697629,1333,429134,87297128375826,87297133175988,1090172661,0
1763637697629,1340,1308558,87297120734703,87297131016131,1009878156,0
1763637697629,1328,1936424,87297121431761,87297133249673,1130831307,0
1763637697629,1341,2775674,87297119860936,87297133309859,1839083000,0
1763637697629,1342,11362742,87297119838756,87297133113522,6681613137,0
1763637697629,1332,1467116,87297120196196,87297133385501,993061983,0
1763637697629,1331,1054878,87297122488198,87297133380414,1224404733,0
1763637697629,1327,1558010,87297119543273,87297133385047,997205405,0
1763637697629,1338,15301132,87297038340372,87297133425714,1008724314,0
1763637697730,1334,2894058,87297225701861,87297233420956,1375910409,0
1763637697730,1336,1515730,87297220358304,87297233646000,894407031,0
1763637697730,1329,2963828,87297219861918,87297233650356,1740433530,0
1763637697730,1339,1570694,87297220254773,87297233646442,891733142,0
1763637697730,1337,1727146,87297220050205,87297233640078,902730880,0
1763637697730,1335,6018550,87297219891761,87297233707291,3316497343,0
1763637697730,1330,1496696,87297221959781,87297233703555,792345926,0
1763637697730,1333,287504,87297230208974,87297233700788,807900635,0
1763637697730,1340,1562254,87297220742724,87297233745724,912823161,0
1763637697730,1328,809654,87297223453520,87297230764855,861395729,0
1763637697730,1341,3018792,87297219861423,87297233770383,1740022864,0
1763637697730,1342,11633334,87297219922877,87297233613267,6774436564,0
1763637697730,1332,1608762,87297220249419,87297233894523,896794759,0
1763637697730,1331,1530520,87297222634607,87297232659436,1021803553,0
1763637697730,1327,1712340,87297219666147,87297233931045,898503887,0
1763637697730,1338,4849532,87297138982927,87297233912035,1139974716,0
1763637697834,1334,260014,87297325713474,87297332134431,1697906798,0
1763637697834,1336,2287332,87297320375639,87297338022600,951687823,0
1763637697834,1329,4323122,87297319861952,87297338068671,1793527411,0
1763637697834,1339,2338068,87297320255349,87297338087575,954493641,0
1763637697834,1337,3551520,87297320649306,87297337927552,691851167,0
1763637697834,1335,8773100,87297319891798,87297338129780,3530152378,0
1763637697834,1330,947088,87297322011295,87297338125726,1036807746,0
1763637697834,1333,2194316,87297330898297,87297338087576,598199552,0
1763637697834,1340,1183840,87297322016246,87297338126175,1041806922,0
1763637697834,1328,2496626,87297324227169,87297338085829,933072924,0
1763637697834,1341,4367524,87297319861451,87297338207175,1793913733,0
1763637697834,1342,15015734,87297319949353,87297338021743,6725439734,0
1763637697834,1332,2335978,87297320255823,87297338274467,962491176,0
1763637697834,1331,3206930,87297322669667,87297338191081,1069562630,0
1763637697834,1327,2395170,87297319688555,87297338321094,956415978,0
1763637697834,1338,11500160,87297245419519,87297336947526,752317660,0
1763637697937,1334,682814,87297427426602,87297434471625,1380940813,0
1763637697937,1336,2712286,87297420427348,87297441088191,982012976,0
1763637697937,1329,5005952,87297419923727,87297441108626,1829391734,0
1763637697937,1339,2676340,87297420276600,87297441088647,995319124,0
1763637697937,1337,1549570,87297420665473,87297440402267,1072685848,0
1763637697937,1335,9840662,87297419899861,87297441144148,3655601115,0
1763637697937,1330,3211158,87297422432001,87297441011191,795188463,0
1763637697937,1333,2217578,87297431055514,87297440153889,1177651822,0
1763637697937,1340,3841130,87297422060943,87297441189081,844285478,0
1763637697937,1328,972440,87297427086522,87297441246393,940473644,0
1763637697937,1341,5033426,87297419925134,87297441194817,1829482925,0
1763637697937,1342,17721654,87297420025919,87297441073376,6677639685,0
1763637697937,1332,2796846,87297420277074,87297441353548,987739792,0
1763637697937,1331,1378312,87297422987118,87297440408047,1246631060,0
1763637697937,1327,2820092,87297419718579,87297441352215,993701377,0
1763637697937,1338,7876780,87297366376370,87297441127809,768070487,0
1763637698038,1334,610938,87297527426781,87297534170228,975775335,0
1763637698038,1336,2714376,87297520456406,87297541558270,1002279362,0
1763637698038,1329,5143354,87297519963873,87297541480603,1857330556,0
1763637698038,1339,2748200,87297520299343,87297541557829,1007695004,0
1763637698038,1337,2661518,87297521402133,87297541643159,989712015,0
1763637698038,1335,10219076,87297519937522,87297541665469,3698239811,0
1763637698038,1330,2684780,87297522452115,87297541646416,974515629,0
1763637698038,1333,3092806,87297531086156,87297541662822,1335262627,0
1763637698038,1340,2752428,87297522313188,87297541678822,1030792410,0
1763637698038,1328,3179456,87297527093303,87297541663705,1234778418,0
1763637698038,1341,5168722,87297519964381,87297541689184,1857384623,0
1763637698038,1342,17992246,87297520043094,87297541550274,6671940818,0
1763637698038,1332,2782040,87297520298313,87297541820769,1007718999,0
1763637698038,1331,2475502,87297523721025,87297541640017,1083831292,0
1763637698038,1327,2853916,87297519733696,87297541819884,1008531737,0
1763637698038,1338,3084334,87297491206704,87297539034712,699229978,0
1763637698138,1334,2084404,87297628434898,87297642059645,959796593,0
1763637698138,1336,2792602,87297620494476,87297642069110,1008814409,0
1763637698138,1329,5318824,87297620018121,87297642077609,1865251118,0
1763637698138,1339,2828532,87297620308409,87297642117260,1016064904,0
1763637698138,1337,2682658,87297621406687,87297641297930,1020372795,0
1763637698138,1335,10720086,87297619941045,87297642074052,3709374368,0
1763637698138,1330,2877162,87297622506678,87297642168830,1017497939,0
1763637698138,1333,399554,87297631186875,87297637727147,1237414953,0
1763637698138,1340,2946916,87297622318931,87297642170213,1042766318,0
1763637698138,1328,3447926,87297627113704,87297642211479,1330761593,0
1763637698138,1341,5378016,87297620019119,87297642249847,1864935510,0
1763637698138,1342,18431958,87297620047670,87297642047327,6668158408,0
1763637698138,1332,2794724,87297620307477,87297642321946,1014726123,0
1763637698138,1331,2450118,87297623935271,87297641295216,1076120812,0
1763637698138,1327,2995530,87297619771785,87297642340859,1016085241,0
1763637698138,1338,5895922,87297592622536,87297642380082,614345805,0
1763637698240,1334,2255614,87297730373062,87297743926994,1039909245,0
1763637698240,1336,2999790,87297720600744,87297744201338,1016044377,0
1763637698240,1329,5604206,87297720018868,87297744031452,1876477228,0
1763637698240,1339,3048404,87297720408067,87297744201812,1021140458,0
1763637698240,1337,2984968,87297721407889,87297744255330,1011452052,0
1763637698240,1335,11092150,87297719999306,87297744256738,3758545657,0
1763637698240,1330,2845460,87297722518539,87297744256221,1068554650,0
1763637698240,1333,663796,87297738724693,87297744247253,855864603,0
1763637698240,1340,2849688,87297722320393,87297744255772,1079301882,0
1763637698240,1328,3995476,87297729316837,87297744319052,1237508149,0
1763637698240,1341,5623240,87297720019366,87297744317972,1876408383,0
1763637698240,1342,20123158,87297720054495,87297744159791,6654016458,0
1763637698240,1332,3086440,87297720315639,87297744440145,1017811718,0
1763637698240,1331,2646744,87297724034806,87297744413896,1040523159,0
1763637698240,1327,3143510,87297719787459,87297744447435,1024032384,0
1763637698240,1338,7092478,87297692665443,87297742935420,933493767,0
1763637698345,1334,885774,87297831381853,87297845246971,969590179,0
1763637698345,1336,3519818,87297820628986,87297848675739,1015072427,0
1763637698345,1329,6661206,87297820106269,87297848710476,1870627856,0
1763637698345,1339,3602240,87297820425805,87297848739844,1018856069,0
1763637698345,1337,3576904,87297821464442,87297848769856,1022686869,0
1763637698345,1335,13563424,87297819999593,87297848757114,3734090785,0
1763637698345,1330,3483888,87297822551822,87297848768962,1060573997,0
1763637698345,1333,1805340,87297839580935,87297848568503,1025979014,0
1763637698345,1340,3538820,87297822326758,87297848847853,1059576967,0
1763637698345,1328,2718588,87297829344898,87297848859198,1243394874,0
1763637698345,1341,6711942,87297820106783,87297848874244,1870847063,0
1763637698345,1342,23776150,87297820060637,87297848696922,6638850895,0
1763637698345,1332,3591678,87297820343303,87297848952510,1016972827,0
1763637698345,1331,3765026,87297824037107,87297853035863,1042917153,0
1763637698345,1327,4128666,87297819813019,87297853022269,1018910309,0
1763637698345,1338,9946362,87297793406224,87297853082791,970628861,0
1763637698449,1334,3887638,87297931888520,87297953105634,732400952,0
1763637698449,1336,4149790,87297920657504,87297953276074,1007061039,0
1763637698449,1329,7832362,87297920124361,87297953197626,1850256716,0
1763637698449,1339,4200526,87297920433031,87297953337943,1016328925,0
1763637698449,1337,4208982,87297921466201,87297953345849,1019881529,0
1763637698449,1335,15861334,87297920030793,87297953284541,3691704019,0
1763637698449,1330,4082158,87297922575005,87297953389622,1036347118,0
1763637698449,1333,1572832,87297939732960,87297953106512,926957532,0
1763637698449,1340,4090598,87297922334698,87297953389170,1038292588,0
1763637698449,1328,2610798,87297929453557,87297953413058,1145315598,0
1763637698449,1341,7872536,87297920126207,87297953471918,1850692309,0
1763637698449,1342,27429142,87297920077295,87297953241465,6533523003,0
1763637698449,1332,4276662,87297920367162,87297953533321,1009978602,0
1763637698449,1331,3864392,87297924041868,87297953528825,1030911201,0
1763637698449,1327,4395014,87297919850777,87297953589611,1008680576,0
1763637698449,1338,12106886,87297893414350,87297953106074,1179833833,0
1763637698550,1334,4479574,87298032144809,87298053633085,919834054,0
1763637698550,1336,4147684,87298020701254,87298053812017,1010925094,0
1763637698550,1329,7874642,87298020139256,87298053738471,1864957330,0
1763637698550,1339,4253352,87298020449728,87298053883428,1016792496,0
1763637698550,1337,4266068,87298021494284,87298053887615,1035252921,0
1763637698550,1335,15827510,87298020073905,87298053927638,3716189349,0
1763637698550,1330,4126560,87298022591326,87298053934941,1041261225,0
1763637698550,1333,640534,87298044807438,87298053116836,952532635,0
1763637698550,1340,4202648,87298022405526,87298053936444,1040596401,0
1763637698550,1328,1179612,87298030938590,87298053874075,889700726,0
1763637698550,1341,8297442,87298020138759,87298055653043,1864520749,0
1763637698550,1342,29086518,87298020125268,87298055626127,6548820919,0
1763637698550,1332,4488030,87298020450716,87298055703574,1013871869,0
1763637698550,1331,4147684,87298024085075,87298055765630,1039841828,0
1763637698550,1327,4574680,87298019903119,87298055759543,1015915159,0
1763637698550,1338,12504334,87297993677180,87298055670217,1366421549,0
1763637698656,1334,4564134,87298132190426,87298158096966,952254117,0
1763637698656,1336,4889722,87298120722149,87298159990650,1008998613,0
1763637698656,1329,9157848,87298120165562,87298160075118,1859688833,0
1763637698656,1339,4951020,87298120464648,87298160083616,1011115002,0
1763637698656,1337,5008058,87298121499092,87298160131211,1042129802,0
1763637698656,1335,18229014,87298120081378,87298160074793,3712864227,0
1763637698656,1330,4824196,87298122639806,87298160133420,1041775561,0
1763637698656,1333,1410046,87298145418504,87298158623089,1071987984,0
1763637698656,1340,4967932,87298122472296,87298160186163,1044814141,0
1763637698656,1328,4758606,87298133487075,87298160197376,620322794,0
1763637698656,1341,9181094,87298120164613,87298160122043,1859474732,0
1763637698656,1342,32874806,87298120145727,87298160024778,6558725401,0
1763637698656,1332,4866444,87298120468314,87298160203871,1012771637,0
1763637698656,1331,4652890,87298124087266,87298160328475,1040633825,0
1763637698656,1327,4927742,87298119926249,87298160323763,1011818636,0
1763637698656,1338,11106972,87298095350316,87298159687168,1452688053,0
1763637698757,1334,3731202,87298234136654,87298259544768,819937248,0
1763637698757,1336,5096878,87298220737706,87298260588661,996648742,0
1763637698757,1329,9506650,87298220251111,87298260617527,1842987711,0
1763637698757,1339,5103212,87298220518716,87298260628616,1004193178,0
1763637698757,1337,5187756,87298221520730,87298260627514,1033896174,0
1763637698757,1335,19176086,87298220159279,87298260624197,3677450641,0
1763637698757,1330,5111700,87298222688660,87298260628419,1032397567,0
1763637698757,1333,568658,87298251251753,87298259608527,1039120641,0
1763637698757,1340,5082072,87298222474485,87298260703307,1039819984,0
1763637698757,1328,3676254,87298236150787,87298260719461,894301117,0
1763637698757,1341,9572192,87298220252006,87298260766856,1842863837,0
1763637698757,1342,33652758,87298220147501,87298260563524,6560232497,0
1763637698757,1332,5128564,87298220519636,87298260819000,998443524,0
1763637698757,1331,4917212,87298224124849,87298260836954,1035432596,0
1763637698757,1327,5208912,87298219940633,87298260883386,1000768777,0
1763637698757,1338,14681738,87298195393137,87298260290017,1308122343,0
1763637698857,1334,4103282,87298334337124,87298360280305,1015137442,0
1763637698857,1336,5185650,87298320772851,87298361056949,1008212370,0
1763637698857,1329,9599666,87298320307375,87298361144738,1862117423,0
1763637698857,1339,5065144,87298320547766,87298361149374,1013960292,0
1763637698857,1337,5196228,87298321554047,87298361189790,1041721728,0
1763637698857,1335,19074614,87298320172308,87298361179808,3710978024,0
1763637698857,1330,5025002,87298322688782,87298361188890,1046307016,0
1763637698857,1333,1674304,87298351272791,87298357876870,808947999,0
1763637698857,1340,5086284,87298322475218,87298361244874,1047561164,0
1763637698857,1328,2724938,87298337260393,87298360774978,1118382370,0
1763637698857,1341,9663086,87298320308318,87298361220819,1860364786,0
1763637698857,1342,34092470,87298320185953,87298361092882,6594946589,0
1763637698857,1332,5130702,87298320546795,87298361336602,1012110226,0
1763637698857,1331,4834758,87298324144766,87298361405404,1046705739,0
1763637698857,1327,5261754,87298319948461,87298361412777,1010920263,0
1763637698857,1338,8126216,87298296950377,87298361252197,1421750250,0
1763637698958,1334,3940496,87298434337277,87298460977351,1165360274,0
1763637698958,1336,7876748,87298421911696,87298461606457,992127340,0
1763637698958,1329,9722278,87298420353975,87298461556050,1868054231,0
1763637698958,1339,3185806,87298420577734,87298460008200,1013343439,0
1763637698958,1337,5255420,87298421555805,87298461642155,1042759209,0
1763637698958,1335,19311382,87298420191564,87298461569034,3712745458,0
1763637698958,1330,5187772,87298422740963,87298461644813,1047322391,0
1763637698958,1333,1137332,87298452775404,87298461683574,771196696,0
1763637698958,1340,5181422,87298422485208,87298461698897,1046733538,0
1763637698958,1328,780074,87298439255980,87298455467631,951086650,0
1763637698958,1341,9751874,87298420353476,87298461753920,1868881855,0
1763637698958,1342,34633654,87298420239399,87298461568720,6607750163,0
1763637698958,1332,5883254,87298420661426,87298461039944,1018918093,0
1763637698958,1331,5029230,87298424144831,87298461883902,1043991331,0
1763637698958,1327,3893988,87298419997444,87298461879443,1011727186,0
1763637698958,1338,15168006,87298396982074,87298461929811,1210974848,0
1763637699058,1334,4223788,87298535449700,87298561758511,1355922095,0
1763637699058,1336,2991318,87298522287294,87298560397284,1062938419,0
1763637699058,1329,9887170,87298520455948,87298562149473,1890271204,0
1763637699058,1339,6585102,87298522286301,87298562218255,914803868,0
1763637699058,1337,5504872,87298521586498,87298562218136,1054538122,0
1763637699058,1335,20123158,87298520196502,87298562236464,3755834773,0
1763637699058,1330,5270226,87298522810797,87298562283357,1059228467,0
1763637699058,1333,1213436,87298553433555,87298560934802,731792587,0
1763637699058,1340,5420296,87298522489485,87298562323633,1057087301,0
1763637699058,1328,2682658,87298539598657,87298560722601,642316392,0
1763637699058,1341,9944256,87298520456459,87298562332735,1890675368,0
1763637699058,1342,35417956,87298520239416,87298562159651,6633255075,0
1763637699058,1332,5329402,87298521067361,87298562401564,1077678445,0
1763637699058,1331,4951020,87298524178919,87298562451170,1061138762,0
1763637699058,1327,5944568,87298520468073,87298560953391,988965017,0
1763637699058,1338,11364864,87298497376233,87298562490162,1518100756,0
1763637699159,1334,5919216,87298636517432,87298663323761,1211671648,0
1763637699159,1336,6986778,87298622303611,87298664141038,954285098,0
1763637699159,1329,10432582,87298620493330,87298664139608,1897263517,0
1763637699159,1339,4365418,87298622304099,87298663198458,1097406585,0
1763637699159,1337,5657080,87298621592568,87298664218118,1072059592,0
1763637699159,1335,20867286,87298620206468,87298664131429,3790812187,0
1763637699159,1330,5627484,87298622817133,87298664224312,1060450839,0
1763637699159,1333,708182,87298660486037,87298663545494,824982669,0
1763637699159,1340,5597904,87298622503305,87298664256391,1065934663,0
1763637699159,1328,2830654,87298640560463,87298661538168,710197908,0
1763637699159,1341,10481212,87298620493852,87298664255790,1897465494,0
1763637699159,1342,37204278,87298620252827,87298664111944,6681241829,0
1763637699159,1332,6365246,87298622524179,87298664391157,1019494785,0
1763637699159,1331,5390716,87298624180567,87298664406313,1059825218,0
1763637699159,1327,4082126,87298620493601,87298663666126,986918479,0
1763637699159,1338,10965326,87298597565178,87298664453873,1467677861,0
1763637699263,1334,4263946,87298736543019,87298764541525,1326779676,0
1763637699263,1336,8608208,87298723430473,87298767106881,1072584816,0
1763637699263,1329,11121746,87298720576979,87298767113784,1903023179,0
1763637699263,1339,3232314,87298722621454,87298766857372,959460932,0
1763637699263,1337,9358686,87298721592823,87298767153343,1219611732,0
1763637699263,1335,22457014,87298720303092,87298767144422,3789073316,0
1763637699263,1330,3652992,87298722874769,87298765815147,1012193632,0
1763637699263,1333,1336048,87298760573023,87298767190263,724922443,0
1763637699263,1340,6198232,87298722510700,87298767064700,1009091082,0
1763637699263,1328,2729182,87298741599339,87298766226896,922437569,0
1763637699263,1341,11159798,87298720576479,87298767197061,1903133913,0
1763637699263,1342,39578308,87298720253261,87298767069357,6682163612,0
1763637699263,1332,3251316,87298722559487,87298767343186,1169928535,0
1763637699263,1331,4105388,87298724242739,87298767350096,999774086,0
1763637699263,1327,8443316,87298721518039,87298767367661,857565199,0
1763637699263,1338,9164214,87298698034536,87298766663440,1418016886,0
1763637699364,1334,4938288,87298836590467,87298867585356,1237872537,0
1763637699364,1336,4420382,87298823520455,87298867554903,1167133964,0
1763637699364,1329,9608122,87298820583999,87298867581570,1896487812,0
1763637699364,1339,4329472,87298823966134,87298866617649,876979221,0
1763637699364,1337,2595992,87298821656088,87298866951928,1156986012,0
1763637699364,1335,17315766,87298820344251,87298867634142,3787901368,0
1763637699364,1330,6077742,87298823184064,87298867605087,1029005485,0
1763637699364,1333,699726,87298860629995,87298867092411,794400337,0
1763637699364,1340,2549484,87298823900726,87298867605540,924801395,0
1763637699364,1328,1490362,87298841640022,87298862810445,831019298,0
1763637699364,1341,9650402,87298820583072,87298867722088,1896547213,0
1763637699364,1342,40857270,87298820274869,87298867559564,6698657021,0
1763637699364,1332,4325228,87298823966681,87298866618094,980550245,0
1763637699364,1331,6139056,87298824242820,87298867407086,1076079056,0
1763637699364,1327,4908708,87298821963928,87298867875138,1046529414,0
1763637699364,1338,8857644,87298798141145,87298867909808,1286278621,0
1763637699464,1334,5646502,87298936605898,87298967442635,1316279541,0
1763637699464,1336,4365418,87298923573611,87298968058535,979604624,0
1763637699464,1329,9851240,87298920628717,87298968084544,1769207747,0
1763637699464,1339,4504926,87298924818126,87298967751002,836924100,0
1763637699464,1337,2505082,87298921661765,87298968097059,792079440,0
1763637699464,1335,17417238,87298920358015,87298968112823,3364415809,0
1763637699464,1330,6377930,87298923226601,87298967693347,1069909928,0
1763637699464,1333,902670,87298960763483,87298964995197,850766791,0
1763637699464,1340,2272558,87298924981089,87298968153472,678149744,0
1763637699464,1328,1154244,87298942050099,87298959368434,631773520,0
1763637699464,1341,9897748,87298920628064,87298968197932,1769066155,0
1763637699464,1342,41364630,87298920281452,87298968030632,6781562086,0
1763637699464,1332,4420366,87298924817643,87298967751454,886030593,0
1763637699464,1331,6210932,87298924280649,87298968249829,1100573846,0
1763637699464,1327,4466874,87298922018461,87298968314493,936960626,0
1763637699464,1338,5542908,87298898261649,87298968294783,1098960028,0
1763637699566,1334,5306124,87299038554955,87299069188477,1461198890,0
1763637699566,1336,4416138,87299023632011,87299069652017,894017050,0
1763637699566,1329,10098570,87299020639391,87299069999926,1712442789,0
1763637699566,1339,4359068,87299024828232,87299070021318,813993757,0
1763637699566,1337,4363296,87299021670289,87299070069746,628559899,0
1763637699566,1335,17890774,87299020358550,87299070113313,3135279170,0
1763637699566,1330,5084178,87299023246974,87299069546489,1096403220,0
1763637699566,1333,342452,87299063460852,87299067801217,717934843,0
1763637699566,1340,4215316,87299025014441,87299070156922,567395602,0
1763637699566,1328,1779988,87299043974806,87299067801659,535905170,0
1763637699566,1341,10126060,87299020638892,87299070177768,1712539820,0
1763637699566,1342,42717590,87299020284692,87299070015799,6832599768,0
1763637699566,1332,4454206,87299024829638,87299070243496,834818699,0
1763637699566,1331,4589486,87299025015375,87299070291446,1097429007,0
1763637699566,1327,4739588,87299022114941,87299069533031,865782355,0
1763637699566,1338,7779488,87298998555472,87299070327426,846174577,0
1763637699667,1334,2965934,87299138591841,87299162351368,1484259050,0
1763637699667,1336,6348334,87299123828122,87299170507085,871512825,0
1763637699667,1329,11802454,87299120718737,87299170488334,1705713596,0
1763637699667,1339,5566154,87299125495802,87299168900025,841357298,0
1763637699667,1337,5739518,87299121700017,87299169734658,642782452,0
1763637699667,1335,23573206,87299120376614,87299170585951,3162491330,0
1763637699667,1330,5692994,87299124746359,87299169272656,977086494,0
1763637699667,1333,283276,87299164881816,87299168217278,471023780,101420964
1763637699667,1340,5982620,87299125662028,87299168858058,855258448,0
1763637699667,1328,5621118,87299144233731,87299170662603,681227792,0
1763637699667,1341,11851084,87299120718221,87299170667794,1706100228,0
1763637699667,1342,42047460,87299120285002,87299170486302,6803847222,0
1763637699667,1332,5576732,87299125495315,87299170750928,856649985,0
1763637699667,1331,6895868,87299125026001,87299170799638,963944221,0
1763637699667,1327,6536472,87299122130970,87299170549926,864332021,0
1763637699667,1338,12113236,87299098926341,87299170818593,954604137,0
1763637699767,1334,2961738,87299238631075,87299269187501,1237118680,0
1763637699767,1336,4760744,87299223886539,87299271068434,939185924,0
1763637699767,1329,10470634,87299220728602,87299271102869,1766691128,0
1763637699767,1339,4530310,87299225526232,87299271144402,887899273,0
1763637699767,1337,4929864,87299221747895,87299270888457,749567183,0
1763637699767,1335,19006966,87299220402819,87299271109293,3362627173,0
1763637699767,1330,3762904,87299224974963,87299271126571,998120732,0
1763637699767,1333,268470,87299265953348,87299266665558,613336340,0
1763637699767,1340,6151724,87299225662346,87299271212028,976675878,0
1763637699767,1328,1152122,87299253424973,87299261375037,805035099,0
1763637699767,1341,10496002,87299220727998,87299271228285,1766885248,0
1763637699767,1342,44138198,87299220302662,87299271079134,6775864013,0
1763637699767,1332,4498608,87299225525304,87299271238985,896816016,0
1763637699767,1331,4228000,87299225047623,87299271127910,966142863,0
1763637699767,1327,4923514,87299222132353,87299271373212,935967522,0
1763637699767,1338,12846770,87299204718854,87299271381745,1065908107,0
1763637699868,1334,6963532,87299339553983,87299371701514,1257602915,0
1763637699868,1336,6191930,87299323888636,87299371715488,900420007,0
1763637699868,1329,12136466,87299320803559,87299371699597,1711581862,0
1763637699868,1339,5881148,87299325533668,87299370342948,869593665,0
1763637699868,1337,6796518,87299321764061,87299371774061,799037726,0
1763637699868,1335,24114390,87299320462041,87299371798626,3252522605,0
1763637699868,1330,6240544,87299324977597,87299369978659,936223411,0
1763637699868,1333,534834,87299366495606,87299370170905,430805584,100542258
1763637699868,1340,6555506,87299325678115,87299371814249,1101047320,0
1763637699868,1328,1240910,87299355926633,87299371699739,590609566,0
1763637699868,1341,12178746,87299320803031,87299371818824,1711340307,0
1763637699868,1342,42819062,87299320311755,87299371683922,6763260287,0
1763637699868,1332,5635908,87299325533178,87299370342507,878110653,0
1763637699868,1331,4621204,87299345799615,87299373626958,693435033,0
1763637699868,1327,6997356,87299322135150,87299373644147,893140189,0
1763637699868,1338,14838158,87299304719135,87299371186598,1295852229,0
1763637699975,1334,6352562,87299439591102,87299478951725,1396831732,0
1763637699975,1336,3824218,87299424993523,87299483955823,1006640712,0
1763637699975,1329,15093960,87299420830264,87299484994861,1805568572,0
1763637699975,1339,10920908,87299425565197,87299485054908,889925015,0
1763637699975,1337,5523890,87299421813191,87299483733410,969511465,0
1763637699975,1335,30236534,87299420463589,87299485136504,3510905408,0
1763637699975,1330,6665434,87299425284325,87299483732957,1042205040,0
1763637699975,1333,1638342,87299472337977,87299484839455,422883026,0
1763637699975,1340,9350214,87299427416801,87299485096903,1070157970,0
1763637699975,1328,1399468,87299455926792,87299484909992,836657682,0
1763637699975,1341,15214466,87299420829755,87299485227386,1804940390,0
1763637699975,1342,53811862,87299420328200,87299485062514,6686367959,0
1763637699975,1332,10789856,87299426740682,87299485274658,870847498,0
1763637699975,1331,7711872,87299446237293,87299485341907,803709045,0
1763637699975,1327,3995460,87299422608684,87299483955376,1013482372,0
1763637699975,1338,13201954,87299404781741,87299485403842,1535081581,0
1763637700082,1334,8083936,87299539595639,87299582926337,1374358478,0
1763637700082,1336,4921392,87299525558118,87299583945283,776513043,0
1763637700082,1329,15269414,87299520844355,87299585443770,1841860200,0
1763637700082,1339,9866030,87299525599116,87299585592362,1156293311,0
1763637700082,1337,4754378,87299521938199,87299585327401,814719491,0
1763637700082,1335,30608598,87299520514133,87299585600998,3622946557,0
1763637700082,1330,4462646,87299525388044,87299585329652,911364943,0
1763637700082,1333,2308472,87299572766162,87299585115218,688938303,0
1763637700082,1340,9975958,87299527490074,87299585673450,1227625295,0
1763637700082,1328,1883566,87299560072985,87299585665084,698691119,0
1763637700082,1341,15303238,87299520843405,87299585676749,1842395735,0
1763637700082,1342,54251574,87299520331693,87299585527474,6648349810,0
1763637700082,1332,9703260,87299526772054,87299585391222,1155818066,0
1763637700082,1331,7041726,87299547131379,87299585593075,1145423337,0
1763637700082,1327,4762850,87299523958346,87299585507385,764718879,0
1763637700082,1338,11240130,87299504782024,87299585761178,1454505566,0
1763637700182,1334,7130530,87299640051052,87299686076051,1205455182,0
1763637700182,1336,9409406,87299625604418,87299686084110,760655460,0
1763637700182,1329,15736616,87299620880729,87299686103144,1864191718,0
1763637700182,1339,10605930,87299627014021,87299686144989,1215755732,0
1763637700182,1337,5384366,87299621941400,87299675034119,696460811,0
1763637700182,1335,31048310,87299620525801,87299686151901,3689162669,0
1763637700182,1330,7678048,87299626185495,87299686159808,738310967,0
1763637700182,1333,1099280,87299672832117,87299682945197,975379274,0
1763637700182,1340,9650402,87299627509943,87299686225643,1322115594,0
1763637700182,1328,668008,87299661708488,87299686132496,582802720,0
1763637700182,1341,15757756,87299620880227,87299686232230,1864624319,0
1763637700182,1342,54657462,87299620390819,87299686070470,6634263861,0
1763637700182,1332,5578854,87299627184688,87299684824373,1151733079,0
1763637700182,1331,5428752,87299648249498,87299686304617,1294227938,0
1763637700182,1327,4534522,87299623963310,87299684823919,757026521,0
1763637700182,1338,17685756,87299604824907,87299686316135,1348248481,0
1763637700283,1334,2923670,87299740097179,87299785700144,1248806214,0
1763637700283,1336,6686574,87299725618383,87299786588264,1025176476,0
1763637700283,1329,15301132,87299720942948,87299786601151,1893199070,0
1763637700283,1339,5263860,87299727016238,87299785780986,1309710306,0
1763637700283,1337,12322530,87299721942069,87299786650026,815928316,0
1763637700283,1335,30642422,87299720596789,87299786659613,3725213671,0
1763637700283,1330,10622842,87299726207028,87299785993603,958327577,0
1763637700283,1333,1612974,87299772832547,87299782393232,951077724,0
1763637700283,1340,4177248,87299727514181,87299786650464,1175583911,0
1763637700283,1328,3183684,87299763338243,87299786234292,429519335,101629755
1763637700283,1341,15370886,87299720949269,87299786733455,1892504823,0
1763637700283,1342,55198646,87299720495961,87299786546809,6625699316,0
1763637700283,1332,7821800,87299728054129,87299784826666,905742383,0
1763637700283,1331,3139282,87299748359340,87299784876928,1042082687,0
1763637700283,1327,10631298,87299723987281,87299786840572,661890452,0
1763637700283,1338,18770214,87299705376295,87299786895070,1565967125,0
1763637700383,1334,9375614,87299840114341,87299887151037,909660231,0
1763637700383,1336,9227602,87299825620148,87299887129065,1057060788,0
1763637700383,1329,15759862,87299820948906,87299887166466,1879071658,0
1763637700383,1339,5999532,87299827062041,87299886693686,976036042,0
1763637700383,1337,7889448,87299822096487,87299887155346,1042453751,0
1763637700383,1335,31251254,87299820647074,87299887227319,3721991843,0
1763637700383,1330,9312178,87299826779517,87299887241266,1098655347,0
1763637700383,1333,978774,87299874684131,87299885033149,822574014,0
1763637700383,1340,6221510,87299829818511,87299887278659,930976334,0
1763637700383,1328,2247206,87299867347629,87299886562248,551749946,0
1763637700383,1341,15787352,87299820949563,87299887303374,1879538067,0
1763637700383,1342,55435414,87299820513543,87299887123330,6641898904,0
1763637700383,1332,9373460,87299828210422,87299887359554,1062104602,0
1763637700383,1331,6005866,87299849074470,87299887414700,1028577321,0
1763637700383,1327,6278564,87299824024173,87299886644550,861532921,0
1763637700383,1338,18791402,87299805380124,87299886672171,1728244568,0
1763637700484,1334,7620946,87299940130506,87299986384894,1294038937,0
1763637700484,1336,8204458,87299925683287,87299987672069,1085344986,0
1763637700484,1329,15992402,87299920968886,87299987663790,1889124021,0
1763637700484,1339,6454050,87299927063784,87299987678697,935839975,0
1763637700484,1337,12064590,87299922132257,87299987501891,998904890,0
1763637700484,1335,31792438,87299920650958,87299987736935,3729361114,0
1763637700484,1330,5018636,87299926822008,87299987736054,1086731805,0
1763637700484,1333,1894144,87299974822496,87299985893928,871080333,0
1763637700484,1340,9352336,87299929826778,87299986021735,1016351347,0
1763637700484,1328,539078,87299983320884,87299986892216,619734391,0
1763637700484,1341,16051594,87299920969400,87299987818665,1889274360,0
1763637700484,1342,55875126,87299920535403,87299987626361,6630919012,0
1763637700484,1332,8132566,87299928268738,87299985773622,1109950710,0
1763637700484,1331,4027162,87299951335233,87299986460064,965199984,0
1763637700484,1327,8358756,87299924026905,87299987877202,873763877,0
1763637700484,1338,11500144,87299906217264,87299987889341,1680985197,0
1763637700588,1334,8464472,87300040136750,87300091831937,1353304728,0
1763637700588,1336,7986692,87300025693209,87300091478465,1006861476,0
1763637700588,1329,16793616,87300020999697,87300092018930,1894469734,0
1763637700588,1339,7836606,87300027079170,87300092056172,940960725,0
1763637700588,1337,5794466,87300023736272,87300092060152,1208779295,0
1763637700588,1335,32938226,87300020719931,87300092118134,3739942652,0
1763637700588,1330,11591070,87300026822914,87300091916319,944768905,0
1763637700588,1333,2786252,87300074899915,87300091275414,927046767,0
1763637700588,1340,4621204,87300031587157,87300090864545,1061353251,0
1763637700588,1328,625744,87300086943368,87300091041776,455448573,103622484
1763637700588,1341,16852808,87300021000197,87300092135654,1893699697,0
1763637700588,1342,59663414,87300020608699,87300091999152,6630487642,0
1763637700588,1332,8441194,87300028302966,87300091104399,1123193825,0
1763637700588,1331,6864166,87300051335582,87300091918095,1015156373,0
1763637700588,1327,8058568,87300025490818,87300092291227,953423105,0
1763637700588,1338,16495566,87300006871097,87300092344513,1423694313,0
1763637700690,1334,13216728,87300141055431,87300191106758,1285390641,0
1763637700690,1336,7993026,87300125891930,87300193524853,924295431,0
1763637700690,1329,17330572,87300121052630,87300193518132,1892707440,0
1763637700690,1339,8768872,87300127079467,87300193526176,1023416880,0
1763637700690,1337,12054028,87300123792792,87300193521555,1102335728,0
1763637700690,1335,34464534,87300120754102,87300193624433,3722893364,0
1763637700690,1330,9136708,87300126835677,87300193639154,1136687907,0
1763637700690,1333,2073826,87300174911108,87300192142351,1124879597,0
1763637700690,1340,7559664,87300133883155,87300193638270,711458907,0
1763637700690,1328,2223912,87300086943368,87300179323712,455448573,103622484
1763637700690,1341,17351712,87300121051677,87300193707081,1894533580,0
1763637700690,1342,60542838,87300120609858,87300193518739,6635369180,0
1763637700690,1332,6200370,87300128403009,87300193767054,1050625193,0
1763637700690,1331,4437262,87300151422598,87300193818363,1071272642,0
1763637700690,1327,10166218,87300125494615,87300193818937,984645146,0
1763637700690,1338,13339356,87300106880012,87300193742547,1479837490,0
1763637700790,1334,9316406,87300242583527,87300294107230,1528706774,0
1763637700790,1336,6735204,87300225908224,87300294116825,892234037,0
1763637700790,1329,15825404,87300221148077,87300294088313,1895732846,0
1763637700790,1339,9280460,87300227126558,87300294158499,1104533112,0
1763637700790,1337,6633732,87300225057463,87300293361861,1238572378,0
1763637700790,1335,32773334,87300220804795,87300294209087,3750574146,0
1763637700790,1330,6174986,87300226840754,87300293362317,1176130376,0
1763637700790,1333,3483888,87300274923048,87300294106354,1058325309,0
1763637700790,1340,9149376,87300234193194,87300294237322,777897049,0
1763637700790,1328,8781588,87300193742986,87300291649822,311096644,0
1763637700790,1341,15848650,87300221148699,87300294267650,1895617241,0
1763637700790,1342,61143214,87300220609867,87300294097886,6621950852,0
1763637700790,1332,7274282,87300228424263,87300294308183,892478319,0
1763637700790,1331,6965622,87300251474698,87300294413219,921282359,0
1763637700790,1327,7234092,87300225508534,87300293282707,1087965185,0
1763637700790,1338,6957166,87300206920789,87300277657697,1377495800,0
1763637700891,1334,10214864,87300342617387,87300394602413,1548637428,0
1763637700891,1336,6456140,87300326830072,87300392781177,855419789,0
1763637700891,1329,13641634,87300321148442,87300394616247,1785007367,0
1763637700891,1339,6585102,87300327843965,87300394673052,1021506356,0
1763637700891,1337,4993268,87300325495167,87300394673566,947212363,0
1763637700891,1335,31115958,87300320974763,87300394654111,3633851995,0
1763637700891,1330,4779762,87300329169286,87300394727398,900759051,0
1763637700891,1333,2794708,87300374986710,87300393544018,1046595726,0
1763637700891,1340,7686504,87300334243017,87300394725187,988264567,0
1763637700891,1328,6268002,87300294467422,87300394257172,504369734,0
1763637700891,1341,13683914,87300321148943,87300394729638,1784950577,0
1763637700891,1342,63248758,87300320615285,87300394601718,6646855808,0
1763637700891,1332,7375738,87300328495913,87300394667057,843133424,0
1763637700891,1331,5251176,87300351483389,87300394724741,1073140587,0
1763637700891,1327,6430788,87300326830613,87300392779849,998236753,0
1763637700891,1338,4130756,87300307195610,87300393628162,982126194,0
1763637700993,1334,16880330,87300442633365,87300496661503,1642950004,0
1763637700993,1336,8513070,87300426948840,87300495893037,756342224,0
1763637700993,1329,14203958,87300421250353,87300497125009,1639084115,0
1763637700993,1339,5460454,87300428098844,87300495076158,953142500,0
1763637700993,1337,8842854,87300425550438,87300497151719,805321159,0
1763637700993,1335,32671862,87300420996451,87300497196734,3505053956,0
1763637700993,1330,8160040,87300429206302,87300497214656,788240462,0
1763637700993,1333,1873004,87300478601501,87300496275034,848187462,0
1763637700993,1340,5141232,87300435387088,87300496683157,957045270,0
1763637700993,1328,4722660,87300397614068,87300497275922,495338638,103146646
1763637700993,1341,14237782,87300421249741,87300497272060,1638726122,0
1763637700993,1342,65514966,87300420626659,87300497093975,6723029713,0
1763637700993,1332,5587294,87300429120510,87300496467866,898381978,0
1763637700993,1331,3418346,87300451611730,87300496682706,974113785,0
1763637700993,1327,8479246,87300426947788,87300497377147,826320417,0
1763637700993,1338,3792532,87300407324683,87300497455975,672970543,0
1763637701094,1334,15552706,87300542695907,87300597880201,1929703653,0
1763637701094,1336,8794240,87300527298877,87300596979456,774300751,0
1763637701094,1329,15301132,87300521270637,87300597817331,1566985086,0
1763637701094,1339,5122214,87300529109806,87300597221234,868853584,0
1763637701094,1337,10062640,87300525817332,87300596664958,920560974,0
1763637701094,1335,33796510,87300520996635,87300597969564,3459621116,0
1763637701094,1330,9024658,87300529264669,87300598638568,916650046,0
1763637701094,1333,1344504,87300578636477,87300598573906,649198598,0
1763637701094,1340,5936112,87300537279388,87300599725875,757035064,0
1763637701094,1328,9483388,87300497663507,87300597278519,439863100,0
1763637701094,1341,15715476,87300521271143,87300599686165,1566628651,0
1763637701094,1342,66225270,87300520632959,87300599681197,6769406399,0
1763637701094,1332,9153604,87300530883474,87300598336764,737448080,0
1763637701094,1331,4198404,87300553356564,87300599832258,731150897,0
1763637701094,1327,7014252,87300527015023,87300599856628,916461174,0
1763637701094,1338,5331492,87300507358085,87300599748948,502168809,0
1763637701198,1334,9730766,87300643394271,87300701428027,1932396443,0
1763637701198,1336,13597248,87300627305479,87300702064603,951889651,0
1763637701198,1329,19146490,87300621328463,87300702070690,1618209299,0
1763637701198,1339,5126442,87300629160612,87300701298618,725587744,0
1763637701198,1337,5069356,87300627027681,87300700522963,931245210,0
1763637701198,1335,39030774,87300621008506,87300702151323,3517196777,0
1763637701198,1330,4925620,87300629303979,87300700522070,895581697,0
1763637701198,1333,3255560,87300680607107,87300701935164,771321732,0
1763637701198,1340,11944100,87300638072060,87300702181773,890193380,0
1763637701198,1328,5750112,87300599945922,87300699800723,590885247,0
1763637701198,1341,19176086,87300621329411,87300702171207,1618534459,0
1763637701198,1342,67104694,87300620703065,87300702028663,6713357133,0
1763637701198,1332,12168184,87300630933041,87300701527256,954771953,0
1763637701198,1331,8891484,87300653418614,87300702301471,941071952,0
1763637701198,1327,5259632,87300628173024,87300701299988,810403382,0
1763637701198,1338,16561108,87300609225467,87300702397591,481519226,101867382
1763637701299,1334,10952658,87300744168215,87300802641785,1591668948,0
1763637701299,1336,7910588,87300727326052,87300801026165,1189822599,0
1763637701299,1329,18975264,87300721388564,87300802630180,1757213146,0
1763637701299,1339,8908396,87300729161934,87300802700350,660694493,0
1763637701299,1337,5037654,87300727076951,87300802735474,736672658,0
1763637701299,1335,39064598,87300721038290,87300802696386,3681934662,0
1763637701299,1330,5043988,87300729544193,87300802735034,717566330,0
1763637701299,1333,2004072,87300783123704,87300802478030,636412224,0
1763637701299,1340,11808804,87300738562911,87300802789262,1180204565,0
1763637701299,1328,8899908,87300707947276,87300801876520,508485656,0
1763637701299,1341,19013316,87300721388062,87300802727593,1756882403,0
1763637701299,1342,67491564,87300720703150,87300802633883,6637011538,0
1763637701299,1332,10204270,87300731111953,87300802055950,1157975919,0
1763637701299,1331,8836520,87300753441157,87300802644858,1196995970,0
1763637701299,1327,9534124,87300729496107,87300802900690,680773408,0
1763637701299,1338,19738442,87300709487812,87300802968343,984628589,0
1763637701404,1334,10813118,87300845071814,87300907101703,1489388011,0
1763637701404,1336,7451842,87300827357025,87300907643407,992135387,0
1763637701404,1329,20285944,87300821393694,87300908223947,1810240860,0
1763637701404,1339,10517142,87300829237732,87300908269503,848730242,0
1763637701404,1337,6640066,87300827093092,87300907082155,647508387,0
1763637701404,1335,41296982,87300821052978,87300908282624,3749713534,0
1763637701404,1330,6551278,87300829557807,87300905887478,645655870,0
1763637701404,1333,4891796,87300883915853,87300907890571,756308647,0
1763637701404,1340,10686262,87300838565786,87300908331264,1294466832,0
1763637701404,1328,192382,87300908019428,87300908364818,491527636,100047775
1763637701404,1341,20353592,87300821393182,87300908383860,1809737359,0
1763637701404,1342,71298870,87300820776274,87300908199848,6594924240,0
1763637701404,1332,11770752,87300831190116,87300908480114,1180922909,0
1763637701404,1331,9726506,87300853603512,87300908475195,1325126507,0
1763637701404,1327,7644224,87300829815803,87300906418259,805248001,0
1763637701404,1338,17313676,87300810241058,87300908546089,1338727282,0
1763637701505,1334,9117690,87300945989645,87301001446373,1394493068,0
1763637701505,1336,13622616,87300927377754,87301008685611,906267783,0
1763637701505,1329,20810216,87300921441766,87301008670214,1839904660,0
1763637701505,1339,5629574,87300929934925,87301008686058,903104265,0
1763637701505,1337,10206392,87300927131142,87301008731536,682828445,0
1763637701505,1335,42480822,87300921104768,87301008738554,3768020297,0
1763637701505,1330,10185252,87300930567451,87301008732468,679452892,0
1763637701505,1333,3251316,87300985392129,87301008339275,1100959090,0
1763637701505,1340,9506650,87300938588816,87301008786363,1239524371,0
1763637701505,1328,7289104,87300908019428,87301007895786,491527636,100047775
1763637701505,1341,20805988,87300921441258,87301008829433,1840329027,0
1763637701505,1342,73159190,87300920782764,87301008631615,6551119757,0
1763637701505,1332,13724088,87300931194473,87301008895641,1204340307,0
1763637701505,1331,7990904,87300953606032,87301008888922,1235104905,0
1763637701505,1327,5745852,87300929833320,87301008958017,818671201,0
1763637701505,1338,15055908,87300911895800,87301009359037,1355711868,0
1763637701609,1334,6900112,87301046918429,87301112050483,1187370342,0
1763637701609,1336,14299096,87301027383667,87301113017271,1133040328,0
1763637701609,1329,18835740,87301021459896,87301113012670,1871333844,0
1763637701609,1339,6435016,87301030300960,87301112649735,724948286,0
1763637701609,1337,6644310,87301028148820,87301112288786,794860796,0
1763637701609,1335,38455766,87301021113599,87301113104356,3819924947,0
1763637701609,1330,6504770,87301031562285,87301112349767,800560155,0
1763637701609,1333,2061142,87301086807592,87301111479099,1048507976,0
1763637701609,1340,10517142,87301038611636,87301113168330,1200387766,0
1763637701609,1328,560202,87301109835461,87301111751913,652403769,0
1763637701609,1341,18842074,87301021460840,87301113170612,1872039477,0
1763637701609,1342,77549976,87301020782818,87301113020925,6590563448,0
1763637701609,1332,12392268,87301031205483,87301111405438,1308168423,0
1763637701609,1331,7656908,87301053678353,87301113313932,1233295540,0
1763637701609,1327,5473138,87301030385394,87301113325367,685422198,0
1763637701609,1338,539062,87301112050926,87301113224080,1309452904,0
1763637701710,1334,5010148,87301148937273,87301213040675,1013506356,0
1763637701710,1336,6415982,87301127406799,87301213258485,1183835126,0
1763637701710,1329,18389694,87301121534887,87301213578751,1754861479,0
1763637701710,1339,12781260,87301130344360,87301213534782,716795887,0
1763637701710,1337,9265654,87301128153187,87301212282558,718152792,0
1763637701710,1335,37576342,87301121197338,87301213531415,3578118216,0
1763637701710,1330,8682206,87301131581766,87301212282108,740398379,0
1763637701710,1333,3027248,87301187220149,87301206310570,827755471,0
1763637701710,1340,8350300,87301138677992,87301213687593,1140173973,0
1763637701710,1328,128946,87301213041120,87301213296734,684825087,0
1763637701710,1341,18404484,87301121534383,87301213690776,1755395145,0
1763637701710,1342,78029846,87301120791902,87301213534115,6641947392,0
1763637701710,1332,13290710,87301131946961,87301213809243,1259274458,0
1763637701710,1331,6881062,87301153813680,87301213826200,1101957654,0
1763637701710,1327,6107338,87301130737160,87301213259367,614966437,0
1763637701710,1338,281154,87301213297177,87301213872499,1451917609,0
1763637701810,1334,8081830,87301248939127,87301313462682,858599854,0
1763637701810,1336,11032974,87301228178099,87301314114789,910618304,0
1763637701810,1329,18374888,87301221535549,87301313911718,1674995379,0
1763637701810,1339,9326968,87301230393517,87301314115231,951210374,0
1763637701810,1337,9400966,87301228192628,87301314167371,792275218,0
1763637701810,1335,37265592,87301221197363,87301314156049,3414217021,0
1763637701810,1330,9071166,87301231762910,87301314166489,792319424,0
1763637701810,1333,4908708,87301287269606,87301312892463,868756606,0
1763637701810,1340,8743504,87301238710977,87301314164727,996382133,0
1763637701810,1328,205066,87301313463122,87301314248667,552839656,0
1763637701810,1341,18429852,87301221535050,87301314288507,1674416578,0
1763637701810,1342,78571030,87301220810500,87301314084018,6670279752,0
1763637701810,1332,9259336,87301231958837,87301314323140,1245499129,0
1763637701810,1331,6925464,87301253817040,87301314164274,987716232,0
1763637701810,1327,9682104,87301230738013,87301314397843,631430135,0
1763637701810,1338,221962,87301313534592,87301314401565,1358910083,0
1763637701911,1334,10709556,87301350990160,87301414604018,925138435,0
1763637701911,1336,9663086,87301328216148,87301412486887,962391972,0
1763637701911,1329,20805988,87301321575288,87301414626760,1631454578,0
1763637701911,1339,10646104,87301330425801,87301413982543,923712759,0
1763637701911,1337,10861716,87301328781639,87301414652781,838571226,0
1763637701911,1335,42514646,87301321224693,87301414706550,3308322178,0
1763637701911,1330,10764504,87301331767057,87301414654577,837628844,0
1763637701911,1333,5375894,87301388028454,87301414602062,1014288545,0
1763637701911,1340,9965380,87301339843559,87301414741664,940922292,0
1763637701911,1328,61298,87301413621530,87301414018384,499221053,100158408
1763637701911,1341,20858830,87301321721602,87301414803553,1629326496,0
1763637701911,1342,78165142,87301320813893,87301414603705,6690366833,0
1763637701911,1332,9485526,87301331978931,87301414871797,1076238920,0
1763637701911,1331,7944396,87301353956206,87301414898327,942839127,0
1763637701911,1327,9965396,87301330741826,87301413983878,779508663,0
1763637701911,1338,14882528,87301313534592,87301408108737,1358910083,0
1763637702014,1334,11899698,87301451189584,87301518107561,1188339776,0
1763637702014,1336,7515262,87301430916739,87301517696047,899053055,0
1763637702014,1329,19780690,87301421670430,87301518117626,1703777100,0
1763637702014,1339,11506494,87301430485038,87301517470425,970353001,0
1763637702014,1337,9022616,87301428848991,87301518202959,912868455,0
1763637702014,1335,36088086,87301421238820,87301518177156,3454696487,0
1763637702014,1330,8785832,87301431813032,87301518202503,919264420,0
1763637702014,1333,1264188,87301491024951,87301512143743,998102173,0
1763637702014,1340,7741500,87301439856965,87301518109915,970058889,0
1763637702014,1328,1780004,87301413621530,87301503014410,499221053,100158408
1763637702014,1341,19835654,87301421782837,87301518324214,1703013986,0
1763637702014,1342,83746102,87301420836246,87301518116105,6665957923,0
1763637702014,1332,6893746,87301432044853,87301518399207,1001625827,0
1763637702014,1331,6623202,87301454013489,87301518416250,943332917,0
1763637702014,1327,7263704,87301432891820,87301518399649,818142335,0
1763637702014,1338,930144,87301515079095,87301518211645,1174637934,0
1763637702115,1334,9504560,87301553020430,87301617755354,1292782958,0
1763637702115,1336,7007902,87301532253756,87301618285211,776628320,0
1763637702115,1329,20093562,87301521733057,87301618669220,1671100142,0
1763637702115,1339,18087384,87301531232298,87301618728860,1003041899,0
1763637702115,1337,6762694,87301528986384,87301618726901,849354302,0
1763637702115,1335,36663094,87301521351536,87301618762965,3212577192,0
1763637702115,1330,6771134,87301531871282,87301618655410,864694581,0
1763637702115,1333,1927968,87301593194046,87301618019215,683286055,0
1763637702115,1340,12774910,87301539888028,87301618838112,918181614,0
1763637702115,1328,2054808,87301527493613,87301566156260,312211506,0
1763637702115,1341,20051282,87301521797544,87301618835143,1672125664,0
1763637702115,1342,83610806,87301520857883,87301618675914,6757932624,0
1763637702115,1332,3786182,87301532927930,87301617502041,823686808,0
1763637702115,1331,5107424,87301554127169,87301618726448,856823491,0
1763637702115,1327,4149790,87301533591352,87301618521364,755793652,0
1763637702115,1338,928038,87301615098698,87301620020816,1406375687,0
1763637702219,1334,14882576,87301653698467,87301723109395,1269939592,0
1763637702219,1336,8633576,87301643855501,87301723165173,655250129,0
1763637702219,1329,293838,87301721965797,87301723079561,1659743438,0
1763637702219,1339,17905612,87301631261721,87301722188644,1318975629,0
1763637702219,1337,13242096,87301630215897,87301723259462,724143098,0
1763637702219,1335,742006,87301721430507,87301723263199,3038770542,0
1763637702219,1330,4883340,87301631901773,87301721890163,742756963,0
1763637702219,1333,2502976,87301693238034,87301723247428,694103827,0
1763637702219,1340,11977924,87301639896427,87301723259909,1094337052,0
1763637702219,1328,3737536,87301628026521,87301717911045,237946815,100532908
1763637702219,1341,276926,87301721966313,87301723310688,1661107390,0
1763637702219,1342,1993494,87301720876835,87301723145239,6808100613,0
1763637702219,1332,5384350,87301634203305,87301723371647,612316144,0
1763637702219,1331,3502906,87301655651804,87301721890608,721675976,0
1763637702219,1327,2509326,87301634204688,87301722187729,570443150,0
1763637702219,1338,403782,87301717253141,87301722333602,1127749465,0
1763637702320,1334,6904340,87301756620588,87301823351698,1279262309,0
1763637702320,1336,10874432,87301745664496,87301823169067,804375709,0
1763637702320,1329,365714,87301822023343,87301823746910,1736340642,0
1763637702320,1339,12295056,87301735239982,87301823455953,1366444896,0
1763637702320,1337,10605930,87301730227612,87301823630964,930079086,0
1763637702320,1335,1012598,87301821534816,87301823771303,3334517205,0
1763637702320,1330,11882802,87301731935371,87301823769930,586595932,0
1763637702320,1333,5390700,87301793429227,87301823828010,860533213,0
1763637702320,1340,9318512,87301739972703,87301823765920,1130779610,0
1763637702320,1328,8931674,87301731262569,87301822332470,263870779,0
1763637702320,1341,407994,87301822022816,87301823898748,1734665724,0
1763637702320,1342,2399382,87301820894183,87301823725721,6731754616,0
1763637702320,1332,9502438,87301734317942,87301824894454,579311976,0
1763637702320,1331,11815154,87301756576850,87301830096512,569630719,0
1763637702320,1327,9491892,87301735907362,87301827836155,383997030,101702674
1763637702320,1338,813882,87301817253687,87301830103812,1236125622,0
1763637702428,1334,5295562,87301858946826,87301932021423,1030260271,0
1763637702428,1336,10512914,87301845708699,87301930806137,907887759,0
1763637702428,1329,2048458,87301922064552,87301931971641,1684852494,0
1763637702428,1339,15461796,87301836088811,87301931401964,1288357010,0
1763637702428,1337,101472,87301930542480,87301932083113,905672406,0
1763637702428,1335,4496470,87301921555158,87301932093097,3314828733,0
1763637702428,1330,11337374,87301831971442,87301931642899,806561786,0
1763637702428,1333,7606172,87301893481842,87301932077649,1073176579,0
1763637702428,1340,10271934,87301839972963,87301932082670,1009666889,0
1763637702428,1328,8650488,87301832967169,87301932164673,537174405,0
1763637702428,1341,2107650,87301922065064,87301932156255,1684344650,0
1763637702428,1342,9333302,87301920980624,87301932010217,6722375597,0
1763637702428,1332,5394928,87301846780295,87301929106794,627708456,0
1763637702428,1331,8436982,87301857102432,87301931642462,869771177,0
1763637702428,1327,11908170,87301835944330,87301932240186,600189454,0
1763637702428,1338,4883340,87301917267867,87301932286521,1000304049,0
1763637702529,1334,8703346,87301958952032,87302032534480,818177398,0
1763637702529,1336,7086128,87301946961014,87302031651197,931477731,0
1763637702529,1329,2219700,87302022076363,87302032974365,1643875507,0
1763637702529,1339,17861146,87301937901843,87302032993181,1262350606,0
1763637702529,1337,202944,87302033084504,87302034122115,886430609,0
1763637702529,1335,5003830,87302021564742,87302034136627,3265929646,0
1763637702529,1330,116262,87302033009507,87302033443980,860852884,0
1763637702529,1333,4737482,87301993504669,87302034136965,1098108911,0
1763637702529,1340,10335338,87301939973504,87302034193558,950631992,0
1763637702529,1328,103578,87302033132701,87302034218064,744072691,0
1763637702529,1341,2450134,87302022076872,87302034270958,1645143510,0
1763637702529,1342,10449494,87302020991570,87302034137592,6725631046,0
1763637702529,1332,5335752,87301946916685,87302034351253,545486704,0
1763637702529,1331,8098726,87301957110773,87302033532725,884707908,0
1763637702529,1327,12013870,87301935955116,87302034352234,819745077,0
1763637702529,1338,2031578,87302017268823,87302034421006,1204784088,0
1763637702635,1334,9986520,87302058959897,87302139156299,877768877,0
1763637702635,1336,8565928,87302047010947,87302138361592,817670975,0
1763637702635,1329,3929918,87302122136755,87302139163679,1630604343,0
1763637702635,1339,281154,87302138417976,87302139195134,1428266712,0
1763637702635,1337,1166928,87302133156244,87302139208773,899849954,0
1763637702635,1335,8327038,87302121586444,87302139267077,3271043887,0
1763637702635,1330,365714,87302133831593,87302139209226,878546271,0
1763637702635,1333,5965692,87302093585753,87302139257431,1024320051,0
1763637702635,1340,11899698,87302040052946,87302139163314,904454999,0
1763637702635,1328,839250,87302133146924,87302139256557,865881385,0
1763637702635,1341,4031390,87302122137274,87302139346168,1629717103,0
1763637702635,1342,15184854,87302120995932,87302139153401,6690951949,0
1763637702635,1332,11102744,87302054499882,87302139393943,479381494,107583197
1763637702635,1331,8961238,87302057857520,87302139431912,872679312,0
1763637702635,1327,268470,87302136159146,87302139448904,697880112,0
1763637702635,1338,3069544,87302117290368,87302139484325,1081575523,0
1763637702736,1334,13368920,87302159042107,87302238587399,946080192,0
1763637702736,1336,16326414,87302147010984,87302239377331,809734619,0
1763637702736,1329,4134984,87302222163100,87302239648829,1747499384,0
1763637702736,1339,260014,87302238439300,87302239623341,1225274120,0
1763637702736,1337,849828,87302233181717,87302239740028,1095376481,0
1763637702736,1335,8656822,87302221612264,87302239765515,3539997887,0
1763637702736,1330,739900,87302233838267,87302239737810,814101639,0
1763637702736,1333,3534608,87302193639046,87302239783676,1051533217,0
1763637702736,1340,15671074,87302140232113,87302239806109,931331662,0
1763637702736,1328,1467100,87302234178254,87302239684170,847072506,0
1763637702736,1341,4221666,87302222163600,87302239851104,1746548714,0
1763637702736,1342,15421622,87302221048725,87302239647327,6673353648,0
1763637702736,1332,7923272,87302155215359,87302239900844,722961059,0
1763637702736,1331,8572294,87302158122271,87302239917125,840818554,0
1763637702736,1327,325572,87302236848394,87302239900391,702920334,0
1763637702736,1338,4331594,87302217298531,87302241638298,1145765497,0
1763637702838,1334,9428440,87302259082147,87302341811075,1070301272,0
1763637702838,1336,8458122,87302247041082,87302340808730,1097543467,0
1763637702838,1329,4752272,87302322196904,87302341636305,1811710383,0
1763637702838,1339,399554,87302338456187,87302340808283,1242164511,0
1763637702838,1337,1088718,87302333293666,87302341595712,1111074655,0
1763637702838,1335,9975958,87302321636559,87302341889248,3655567084,0
1763637702838,1330,1376222,87302333864730,87302341879095,770985631,0
1763637702838,1333,10715874,87302294341206,87302341924144,1075017270,0
1763637702838,1340,213506,87302340491283,87302341942664,1113082300,0
1763637702838,1328,904792,87302334595193,87302341970336,947484030,0
1763637702838,1341,5132792,87302322197404,87302343577714,1813940054,0
1763637702838,1342,18939318,87302321116401,87302343598478,6657299319,0
1763637702838,1332,8031062,87302255241972,87302343073529,760497539,0
1763637702838,1331,12341564,87302258174745,87302343730190,857187442,0
1763637702838,1327,1481906,87302337496048,87302343735433,883785341,0
1763637702838,1338,2705920,87302317395876,87302343688111,1060657364,0
1763637702942,1334,15334940,87302359177192,87302446144629,985005391,0
1763637702942,1336,12309814,87302347090967,87302445456691,906789936,0
1763637702942,1329,5815606,87302422291745,87302446129118,1885568661,0
1763637702942,1339,558096,87302438656839,87302445457147,1007845008,0
1763637702942,1337,1357188,87302433320568,87302445938173,972559940,0
1763637702942,1335,12208342,87302421658152,87302446247694,3799973367,0
1763637702942,1330,2856006,87302433865735,87302446172048,1229139776,0
1763637702942,1333,7016358,87302394349234,87302446191186,1363847496,0
1763637702942,1340,585570,87302440506485,87302445937269,971413041,0
1763637702942,1328,1046422,87302435456029,87302444956928,953800062,0
1763637702942,1341,5866342,87302422292275,87302446303222,1885838404,0
1763637702942,1342,21205526,87302421133959,87302446147774,6711808604,0
1763637702942,1332,12117464,87302355353966,87302446431192,734073387,0
1763637702942,1331,9066954,87302358181719,87302446397551,979887753,0
1763637702942,1327,1577044,87302437557449,87302446430595,1109253544,0
1763637702942,1338,3450048,87302417457562,87302446035053,906895752,0
1763637703043,1334,12261200,87302459177924,87302546668135,1159422213,0
1763637703043,1336,11333146,87302447235493,87302545433905,945161677,0
1763637703043,1329,4995374,87302522322575,87302546708924,1894974610,0
1763637703043,1339,1429064,87302539029706,87302546719188,951773575,0
1763637703043,1337,1530552,87302533333451,87302546761252,949018195,0
1763637703043,1335,10381846,87302521660629,87302546755101,3823848149,0
1763637703043,1330,1450220,87302533906789,87302546761694,1275558365,0
1763637703043,1333,7092462,87302494768223,87302546795853,1206871315,0
1763637703043,1340,672268,87302540507412,87302546801574,952557632,0
1763637703043,1328,1866654,87302535521051,87302546323888,1055928655,0
1763637703043,1341,4978462,87302522321610,87302546703432,1895123712,0
1763637703043,1342,21915830,87302521167708,87302546663356,6735810657,0
1763637703043,1332,10483318,87302457315049,87302546886206,911579359,0
1763637703043,1331,10641908,87302458215700,87302546906305,902202586,0
1763637703043,1327,839250,87302539450835,87302546578975,1102601495,0
1763637703043,1338,2792586,87302518837372,87302548012189,881420349,0
1763637703148,1334,11967346,87302559218177,87302652181520,1133525299,0
1763637703148,1336,875196,87302647719125,87302652216890,1007522959,0
1763637703148,1329,7333474,87302622338312,87302652223582,1831253586,0
1763637703148,1339,999914,87302639057007,87302651842843,982516232,0
1763637703148,1337,2553744,87302633365348,87302652243613,975032725,0
1763637703148,1335,15117206,87302621691243,87302652242130,3675643969,0
1763637703148,1330,2456468,87302633977860,87302652079743,1138189136,0
1763637703148,1333,9400966,87302596276773,87302652302566,1054689468,0
1763637703148,1340,1606640,87302640526347,87302652331738,977034477,0
1763637703148,1328,3327436,87302635646147,87302652302064,1172857751,0
1763637703148,1341,7325018,87302622337811,87302652349257,1831831315,0
1763637703148,1342,26380598,87302621262240,87302652183885,6752517626,0
1763637703148,1332,8035306,87302557315845,87302651842403,935917537,0
1763637703148,1331,12221106,87302558315600,87302652389895,928051859,0
1763637703148,1327,2255630,87302640347579,87302652438280,1065800521,0
1763637703148,1338,2133018,87302620659120,87302652300295,841163248,0
1763637703249,1334,17021928,87302659236006,87302750463289,1090603014,0
1763637703249,1336,610938,87302747743294,87302752783834,987329086,0
1763637703249,1329,7067094,87302722386711,87302752713945,1897992537,0
1763637703249,1339,1640464,87302739064247,87302752784275,991564373,0
1763637703249,1337,2513554,87302733395584,87302752873145,1021522660,0
1763637703249,1335,14440726,87302721749541,87302752766611,3797118793,0
1763637703249,1330,2424766,87302733982250,87302752881483,1104589859,0
1763637703249,1333,5840974,87302697160467,87302752473654,1083150789,0
1763637703249,1340,1524202,87302740552138,87302752882075,1022374991,0
1763637703249,1328,2281014,87302737190140,87302752927296,1089321764,0
1763637703249,1341,7067094,87302722506594,87302752935007,1895918938,0
1763637703249,1342,28004150,87302721325817,87302754616403,6751101349,0
1763637703249,1332,13060308,87302657382159,87302754630432,805636600,0
1763637703249,1331,12722084,87302658330782,87302754694529,981964416,0
1763637703249,1327,1735586,87302740430717,87302754706134,1036797810,0
1763637703249,1338,5492172,87302722201865,87302754335797,840206049,0
1763637703354,1334,4633888,87302759982695,87302856273465,1236323878,0
1763637703354,1336,1883566,87302847853856,87302857955395,968873702,0
1763637703354,1329,7451842,87302822470135,87302858023435,1806226892,0
1763637703354,1339,1794778,87302839078878,87302857703637,971447151,0
1763637703354,1337,2765128,87302833445751,87302858120570,975441014,0
1763637703354,1335,15320150,87302821770837,87302858083866,3632684817,0
1763637703354,1330,2669990,87302834029430,87302858121465,1013945122,0
1763637703354,1333,5591538,87302805284909,87302858118653,881850204,0
1763637703354,1340,1999860,87302840567825,87302858120118,966218674,0
1763637703354,1328,657446,87302837191174,87302857747338,885180801,0
1763637703354,1341,7409562,87302822511353,87302858193905,1808908416,0
1763637703354,1342,31352726,87302821351572,87302858013936,6780074159,0
1763637703354,1332,2106,87302858242929,87302858245597,926190971,0
1763637703354,1331,11276140,87302758398228,87302858293110,1015915521,0
1763637703354,1327,2278876,87302840455246,87302858311824,982857617,0
1763637703354,1338,9956940,87302822324825,87302858337138,1365422979,0
1763637703455,1334,6722504,87302861581540,87302955881433,811753903,0
1763637703455,1336,1949108,87302947898146,87302958545242,1197553411,0
1763637703455,1329,8787890,87302922538735,87302958521303,1782441586,0
1763637703455,1339,1460782,87302940893583,87302958592570,942181962,0
1763637703455,1337,3407768,87302933551174,87302958595429,975712051,0
1763637703455,1335,18330486,87302921808720,87302958527228,3594811071,0
1763637703455,1330,3342242,87302934066761,87302958594989,996478383,0
1763637703455,1333,8622998,87302905285215,87302958605977,1020413968,0
1763637703455,1340,2441678,87302940580691,87302958661723,976368914,0
1763637703455,1328,1445960,87302937725298,87302957373080,786688410,0
1763637703455,1341,8821714,87302922539260,87302958686531,1781096763,0
1763637703455,1342,31454198,87302921369000,87302958524456,6784022215,0
1763637703455,1332,19018,87302958467836,87302958589675,1035041059,0
1763637703455,1331,48614,87302958428873,87302958805898,993993124,0
1763637703455,1327,1513608,87302940895027,87302958771629,873398020,0
1763637703455,1338,5716240,87302922344981,87302958863127,1456027539,0
1763637703560,1334,644778,87303062044610,87303063389955,989463435,0
1763637703560,1336,1426958,87303048326836,87303064026642,1156679591,0
1763637703560,1329,9868152,87303022547195,87303064051836,1873132683,0
1763637703560,1339,2473380,87303040971231,87303064076508,904040244,0
1763637703560,1337,4012388,87303033552970,87303064096690,1028354478,0
1763637703560,1335,20224630,87303021851894,87303064032289,3782693687,0
1763637703560,1330,3978548,87303034090452,87303064097767,1041155529,0
1763637703560,1333,5496400,87303006872746,87303061660043,1104530316,0
1763637703560,1340,3139282,87303040588154,87303064097319,1027299422,0
1763637703560,1328,953406,87303053842709,87303061586379,489615452,116117411
1763637703560,1341,9914660,87303022546683,87303064196184,1872977775,0
1763637703560,1342,36007754,87303021369347,87303064010368,6749200578,0
1763637703560,1332,1272628,87303058624169,87303063779576,1245037021,0
1763637703560,1331,737794,87303058477462,87303064277931,1033016275,0
1763637703560,1327,3748114,87303040901407,87303062779175,861754691,0
1763637703560,1338,8749854,87303022948431,87303064346768,1435402631,0
1763637703661,1334,340346,87303163412518,87303164430540,1191114008,0
1763637703661,1336,1481906,87303148995851,87303164337114,1005637509,0
1763637703661,1329,10128166,87303122593533,87303164471814,1897145948,0
1763637703661,1339,2395154,87303140992933,87303164379780,880983828,0
1763637703661,1337,4137074,87303133591451,87303164540428,1044674218,0
1763637703661,1335,20867286,87303121864570,87303164546625,3823128850,0
1763637703661,1330,4054636,87303134145086,87303164541321,1051916512,0
1763637703661,1333,8269968,87303106891947,87303163218738,1035517328,0
1763637703661,1340,3177334,87303140637361,87303164601326,1047890906,0
1763637703661,1328,2604448,87303053842709,87303150910767,489615452,116117411
1763637703661,1341,10195814,87303122593015,87303164652556,1896223343,0
1763637703661,1342,36527798,87303121381889,87303164441802,6746599292,0
1763637703661,1332,680692,87303158674772,87303164382025,1243129502,0
1763637703661,1331,843478,87303158493534,87303164689542,1045515995,0
1763637703661,1327,4680380,87303140942415,87303164751527,1146639185,0
1763637703661,1338,7134774,87303122993590,87303164625681,1399201156,0
1763637703763,1334,547518,87303263416342,87303266526332,1373058072,0
1763637703763,1336,1386784,87303250653829,87303265260208,980442733,0
1763637703763,1329,10641876,87303222603365,87303266564179,1903668828,0
1763637703763,1339,2111894,87303241793889,87303265260651,926874443,0
1763637703763,1337,2663640,87303254626574,87303265341163,942710226,0
1763637703763,1335,21746710,87303221982196,87303266624612,3833213186,0
1763637703763,1330,3811534,87303234190562,87303266618874,1055656490,0
1763637703763,1333,5008058,87303206892135,87303265076674,940726988,0
1763637703763,1340,3995460,87303240648582,87303266699389,1070734577,0
1763637703763,1328,7062882,87303171644917,87303266706898,333313842,0
1763637703763,1341,10698946,87303222602401,87303266702558,1903211785,0
1763637703763,1342,38136560,87303221382026,87303266546944,6750874778,0
1763637703763,1332,1727130,87303258675108,87303266430682,1022292924,0
1763637703763,1331,866740,87303258639812,87303266858151,1103176333,0
1763637703763,1327,5306140,87303240960628,87303266839364,1377253891,0
1763637703763,1338,6504770,87303223559901,87303265527128,1398339065,0
1763637703865,1334,849828,87303363418713,87303368715155,1250445985,0
1763637703865,1336,3285156,87303352550414,87303369007335,896687275,0
1763637703865,1329,11104834,87303322627612,87303369071772,1918966313,0
1763637703865,1339,3192124,87303343328319,87303368254869,937479534,0
1763637703865,1337,2010406,87303354639100,87303369144583,1035554921,0
1763637703865,1335,22626134,87303322010658,87303369102346,3875135236,0
1763637703865,1330,4879112,87303336156583,87303369137542,956325106,0
1763637703865,1333,7492016,87303306911398,87303369130037,837875340,0
1763637703865,1340,4507048,87303340703636,87303368205390,1149104121,0
1763637703865,1328,12316164,87303272171764,87303369202423,461066473,100526847
1763637703865,1341,11119640,87303322627108,87303369245668,1920085970,0
1763637703865,1342,40316086,87303321449181,87303369038858,6738751635,0
1763637703865,1332,1469222,87303358714639,87303369314322,1174003947,0
1763637703865,1331,689148,87303359665529,87303368204498,1034127399,0
1763637703865,1327,3295718,87303341011060,87303368914704,1323353080,0
1763637703865,1338,5726834,87303323586922,87303368714711,1257198987,0
1763637703966,1334,940738,87303463442771,87303469514196,1077341101,0
1763637703966,1336,2705920,87303452579311,87303469553255,1221759903,0
1763637703966,1329,12204114,87303422686968,87303469552935,1916810605,0
1763637703966,1339,1562238,87303443357447,87303468382385,885076176,0
1763637703966,1337,2949022,87303454639408,87303469514034,1053886209,0
1763637703966,1335,25298230,87303422079416,87303469598094,3873675109,0
1763637703966,1330,3346454,87303436214716,87303469645633,1045146947,0
1763637703966,1333,10293058,87303406953413,87303468502300,902671629,0
1763637703966,1340,3099124,87303441896579,87303468296924,1112030805,0
1763637703966,1328,15387798,87303372187787,87303469686018,738235007,0
1763637703966,1341,12280218,87303422687471,87303469723198,1916008655,0
1763637703966,1342,40857270,87303421548427,87303469521383,6743015774,0
1763637703966,1332,1763076,87303459396745,87303469806051,1249660341,0
1763637703966,1331,1321242,87303459666261,87303469511377,1063233061,0
1763637703966,1327,1693306,87303441046591,87303468381945,998020953,0
1763637703966,1338,5492172,87303423817718,87303469862866,1093452231,0
1763637704066,1334,1152122,87303563474921,87303570138680,1188981875,0
1763637704066,1336,2946900,87303552655694,87303570149867,1050594963,0
1763637704066,1329,11842628,87303522687077,87303570162104,1976083473,0
1763637704066,1339,2452224,87303543357723,87303570203714,993698006,0
1763637704066,1337,1904722,87303555592563,87303570201434,1006478072,0
1763637704066,1335,23979094,87303522155421,87303570226063,3991774899,0
1763637704066,1330,6487858,87303536344320,87303569475041,1085436061,0
1763637704066,1333,6492086,87303506975382,87303568444487,1026048435,0
1763637704066,1340,2936338,87303543788401,87303570198759,1086902601,0
1763637704066,1328,9136708,87303472205783,87303568444927,996016766,0
1763637704066,1341,11984258,87303522688936,87303570285148,1975922694,0
1763637704066,1342,41335034,87303521548622,87303570137380,6745614427,0
1763637704066,1332,860390,87303559403983,87303570266149,1053771683,0
1763637704066,1331,1107736,87303559672916,87303568526216,1056783420,0
1763637704066,1327,6390614,87303541095874,87303570445271,1043646703,0
1763637704066,1338,5993182,87303523817977,87303570203888,977981638,0
1763637704168,1334,1621430,87303663749817,87303672032764,1153924118,0
1763637704168,1336,1439626,87303652708837,87303671529046,1252042387,0
1763637704168,1329,12290796,87303622706731,87303672101323,1980158665,0
1763637704168,1339,4798764,87303644012811,87303672165811,880605142,0
1763637704168,1337,2088616,87303655648957,87303672188923,1101671875,0
1763637704168,1335,25196758,87303622173073,87303672199882,4004678457,0
1763637704168,1330,4008128,87303636568002,87303672031362,1131714232,0
1763637704168,1333,5843096,87303607878011,87303672196495,864579854,0
1763637704168,1340,4010250,87303644977005,87303672254502,1103181208,0
1763637704168,1328,8635682,87303573377008,87303672271442,869526588,0
1763637704168,1341,12227376,87303622707259,87303672274333,1983557483,0
1763637704168,1342,42751414,87303621563737,87303672117386,6746748602,0
1763637704168,1332,875196,87303660309766,87303671529484,937258753,0
1763637704168,1331,1629886,87303660425841,87303672029682,950886322,0
1763637704168,1327,5950902,87303642485984,87303671770562,1207543408,0
1763637704168,1338,5925534,87303624109507,87303670726083,1090319684,0
1763637704269,1334,1490362,87303764492579,87303770905600,1006549328,0
1763637704269,1336,2803164,87303752733096,87303772748607,1095299591,0
1763637704269,1329,10341688,87303722856227,87303772718183,1962756419,0
1763637704269,1339,4041952,87303745011098,87303772263606,1059694145,0
1763637704269,1337,2407838,87303755651955,87303772778815,1071117699,0
1763637704269,1335,23575328,87303722176875,87303772825099,3964056644,0
1763637704269,1330,4276614,87303737606381,87303772777918,1058210778,0
1763637704269,1333,8878800,87303708000011,87303772831114,802211422,0
1763637704269,1340,3714290,87303745919995,87303772691786,1094672198,0
1763637704269,1328,12366900,87303674480535,87303772886516,780686102,0
1763637704269,1341,10424126,87303722726836,87303772842185,1964366577,0
1763637704269,1342,43563190,87303721587503,87303772706150,6727917860,0
1763637704269,1332,1676394,87303760339533,87303772944673,965525785,0
1763637704269,1331,1355066,87303760986225,87303774347783,1000998035,0
1763637704269,1327,3792516,87303743045560,87303770241437,1256389650,0
1763637704269,1338,4192054,87303724970793,87303774705025,1068476112,0
1763637704374,1334,737778,87303865553015,87303876921863,1105550791,0
1763637704374,1336,3841130,87303854496932,87303878122827,953233641,0
1763637704374,1329,11639684,87303822945290,87303878128258,1770634793,0
1763637704374,1339,3388734,87303845196019,87303877388906,1220439941,0
1763637704374,1337,4625432,87303855719571,87303878147968,1122939206,0
1763637704374,1335,24148214,87303822217734,87303878124567,3798311486,0
1763637704374,1330,3718518,87303837704196,87303877898752,996434191,0
1763637704374,1333,6855694,87303809414337,87303878201397,837103836,0
1763637704374,1340,2951128,87303846509623,87303877898311,985227528,0
1763637704374,1328,539062,87303875955272,87303878129223,803233308,0
1763637704374,1341,11751734,87303822800406,87303878196658,1772322223,0
1763637704374,1342,48298550,87303821668748,87303878077220,6743613129,0
1763637704374,1332,3128720,87303860352608,87303878357209,876506370,0
1763637704374,1331,1475556,87303861031462,87303877899193,922686192,0
1763637704374,1327,3485978,87303843125677,87303877389352,1066456742,0
1763637704374,1338,5371666,87303826481083,87303876485112,1012057752,0
1763637704475,1334,866740,87303965933514,87303978626191,794795073,0
1763637704475,1336,1600290,87303954500714,87303977244031,926205657,0
1763637704475,1329,11887014,87303922946154,87303978655683,1741902795,0
1763637704475,1339,5211002,87303945514208,87303978668191,1075004915,0
1763637704475,1337,3883410,87303955989562,87303978732812,1349387336,0
1763637704475,1335,24520278,87303922237529,87303978744723,3641423341,0
1763637704475,1330,3003986,87303937833669,87303977947436,855781186,0
1763637704475,1333,5845202,87303909436949,87303978060056,782246799,0
1763637704475,1340,4931954,87303946535743,87303978809451,852153212,0
1763637704475,1328,82438,87303975979730,87303976220126,1048850353,0
1763637704475,1341,11971574,87303922800434,87303978853086,1742500311,0
1763637704475,1342,45930870,87303921678527,87303978623988,6778226730,0
1763637704475,1332,1185946,87303961259166,87303977243589,893289457,0
1763637704475,1331,1069684,87303961954175,87303977888748,802857815,0
1763637704475,1327,5756414,87303943181046,87303978717987,988754550,0
1763637704475,1338,8737154,87303926526447,87303980333849,1017384904,0
1763637704580,1334,1452310,87304066230748,87304082626929,653783390,0
1763637704580,1336,1881460,87304056064027,87304082720901,766912453,0
1763637704580,1329,13100450,87304022973293,87304084137469,1763662724,0
1763637704580,1339,6462490,87304045532546,87304084103113,1013403746,0
1763637704580,1337,3238648,87304056014603,87304083044561,1215742184,0
1763637704580,1335,26617366,87304022251296,87304084220987,3592845300,0
1763637704580,1330,5640152,87304037866294,87304084221932,841845540,0
1763637704580,1333,7470876,87304009614815,87304084218695,794096088,0
1763637704580,1340,4327350,87304047517982,87304083045003,954125266,0
1763637704580,1328,1405802,87304076180010,87304084269452,1092714047,0
1763637704580,1341,13142730,87304022829367,87304084282891,1763438258,0
1763637704580,1342,53541270,87304021691874,87304084099870,6704775783,0
1763637704580,1332,1794778,87304061736481,87304084348955,755252895,0
1763637704580,1331,2868706,87304061971012,87304084272453,840221428,0
1763637704580,1327,6929692,87304043240257,87304084406927,1184569805,0
1763637704580,1338,7904254,87304026526619,87304084436829,1171049472,0
1763637704681,1334,1097174,87304166999974,87304184649957,593152110,0
1763637704681,1336,4551434,87304156083973,87304184730492,772185570,0
1763637704681,1329,13639528,87304123031316,87304184720611,1744603475,0
1763637704681,1339,2815848,87304146840461,87304183166580,1109009165,0
1763637704681,1337,3395084,87304156065552,87304184809336,1093251555,0
1763637704681,1335,27835030,87304122324580,87304184771818,3533703101,0
1763637704681,1330,5703572,87304139295083,87304184656300,890706472,0
1763637704681,1333,13058170,87304109834834,87304184808510,856804252,0
1763637704681,1340,4507048,87304148317032,87304184808445,940804781,0
1763637704681,1328,1496712,87304176217447,87304184890547,1233741607,0
1763637704681,1341,13686036,87304122852820,87304184859913,1745972995,0
1763637704681,1342,54386870,87304121697811,87304184709459,6765703322,0
1763637704681,1332,4012372,87304163057239,87304184980631,801007804,0
1763637704681,1331,2834882,87304162581465,87304186604052,897329199,0
1763637704681,1327,2898286,87304143842066,87304186596758,1184111158,0
1763637704681,1338,3809428,87304126642335,87304185919299,1017549534,0
1763637704783,1334,2682658,87304268351897,87304286252566,775976687,0
1763637704783,1336,3384506,87304256227090,87304285604837,913837492,0
1763637704783,1329,13707176,87304223064143,87304286690222,1744843628,0
1763637704783,1339,4295648,87304248461646,87304284854346,929286907,0
1763637704783,1337,1790550,87304257384201,87304285453933,957663946,0
1763637704783,1335,28037974,87304222359456,87304286916393,3541316208,0
1763637704783,1330,7988798,87304239522877,87304286927103,964046563,0
1763637704783,1333,6177108,87304209853892,87304286930114,1116420283,0
1763637704783,1340,2329628,87304248516420,87304285454386,909998608,0
1763637704783,1328,646884,87304276228105,87304286930997,1062792717,0
1763637704783,1341,14068662,87304222981338,87304288440295,1745117092,0
1763637704783,1342,57431030,87304221705094,87304288496224,6827236966,0
1763637704783,1332,2454346,87304264310443,87304288610033,919623869,0
1763637704783,1331,4289298,87304262630982,87304288542905,971747744,0
1763637704783,1327,7792204,87304243924582,87304288545334,947252085,0
1763637704783,1338,10863838,87304227723591,87304288675191,791530256,0
1763637704889,1334,1612974,87304368723992,87304393146009,772994953,0
1763637704889,1336,3559976,87304356268865,87304392928523,920959293,0
1763637704889,1329,15079154,87304323154899,87304393164216,1736771045,0
1763637704889,1339,4124406,87304348466704,87304393167389,985506708,0
1763637704889,1337,2784130,87304357418929,87304391183345,877816613,0
1763637704889,1335,30574774,87304322392887,87304393173997,3511335698,0
1763637704889,1330,5900166,87304339523929,87304392431932,1089326812,0
1763637704889,1333,14455532,87304309897599,87304392700201,910164152,0
1763637704889,1340,6354684,87304348595281,87304393104643,783340530,0
1763637704889,1328,2927882,87304376350897,87304393074352,1084078349,0
1763637704889,1341,15108750,87304322989534,87304393252742,1737367346,0
1763637704889,1342,61039636,87304321705344,87304393116466,6846491900,0
1763637704889,1332,4669818,87304364403736,87304393401142,880106149,0
1763637704889,1331,3760798,87304363050382,87304393374440,995662060,0
1763637704889,1327,6929692,87304344006472,87304393088783,1022478986,0
1763637704889,1338,4445750,87304328562615,87304393440729,989384439,0
1763637704990,1334,4060986,87304469715165,87304493239905,690605163,0
1763637704990,1336,2340206,87304457673469,87304493526324,763430546,0
1763637704990,1329,15248274,87304423185137,87304493613567,1730467726,0
1763637704990,1339,2777796,87304449314113,87304493525884,803834821,0
1763637704990,1337,2615026,87304458370843,87304493735715,766168669,0
1763637704990,1335,31251254,87304422423387,87304493770638,3493691351,0
1763637704990,1330,9310056,87304439605902,87304493736618,1028288404,0
1763637704990,1333,10451616,87304409900527,87304493610422,1147777313,0
1763637704990,1340,7071322,87304448726769,87304493731677,881221204,0
1763637704990,1328,1293768,87304476392352,87304493311275,1155521335,0
1763637704990,1341,15334956,87304423033071,87304493866544,1729298906,0
1763637704990,1342,61422262,87304421798232,87304493656229,6830470727,0
1763637704990,1332,5342070,87304464456805,87304493935721,1104257307,0
1763637704990,1331,2160508,87304464784694,87304493877723,959720033,0
1763637704990,1327,8432738,87304444029991,87304493930339,1132778433,0
1763637704990,1338,8885134,87304430349041,87304494754817,757793941,0
1763637705092,1334,2727060,87304570534473,87304595138233,856759057,0
1763637705092,1336,3902428,87304559957774,87304594156205,703308150,0
1763637705092,1329,15385692,87304523202154,87304595714746,1731403346,0
1763637705092,1339,6889518,87304551196712,87304595808468,697803148,0
1763637705092,1337,2511432,87304558579974,87304595814694,636572452,0
1763637705092,1335,31860086,87304522429991,87304595723520,3496107434,0
1763637705092,1330,9295250,87304539743675,87304595435292,1183529409,0
1763637705092,1333,10064746,87304510614705,87304595849853,1028954516,0
1763637705092,1340,7671698,87304548783048,87304595772688,1092032468,0
1763637705092,1328,3325330,87304576428442,87304595920807,941997934,0
1763637705092,1341,15375114,87304523052767,87304595911292,1732571467,0
1763637705092,1342,64297302,87304521816716,87304597560212,6806479245,0
1763637705092,1332,4638100,87304564470025,87304597572943,1148283361,0
1763637705092,1331,1946986,87304564972588,87304595990180,727916094,0
1763637705092,1327,5145476,87304546275660,87304597059038,1219244879,0
1763637705092,1338,8897818,87304530371370,87304597281218,975588215,0
1763637705198,1334,5494278,87304670555626,87304701736766,892008497,0
1763637705198,1336,3371822,87304660025117,87304701424882,813801171,0
1763637705198,1329,17087454,87304623232497,87304702058185,1714511398,0
1763637705198,1339,8193864,87304651491364,87304701498392,879221376,0
1763637705198,1337,6342000,87304658602310,87304702050611,572754987,0
1763637705198,1335,34735126,87304622454483,87304702094141,3480771099,0
1763637705198,1330,6961410,87304639781629,87304700044439,1252688177,0
1763637705198,1333,12121676,87304610831341,87304702095417,972560804,0
1763637705198,1340,5371666,87304648790038,87304700628009,1203001510,0
1763637705198,1328,1608746,87304678166803,87304702186519,947664715,0
1763637705198,1341,17138190,87304623095769,87304702203691,1713550832,0
1763637705198,1342,68694422,87304621817674,87304702025450,6799136689,0
1763637705198,1332,5762764,87304664570831,87304701497950,1080061203,0
1763637705198,1331,5456226,87304665509566,87304702051054,615273816,0
1763637705198,1327,4056758,87304646611171,87304702270498,1051993994,0
1763637705198,1338,9238180,87304631664563,87304702379731,959541740,0
1763637705299,1334,3549414,87304770606411,87304800996577,1130169675,0
1763637705299,1336,4022950,87304760114323,87304801338906,775506726,0
1763637705299,1329,16907772,87304723256440,87304802571761,1725732319,0
1763637705299,1339,7124180,87304751552210,87304802555490,1007508344,0
1763637705299,1337,3044160,87304758639339,87304802627459,724659122,0
1763637705299,1335,34735126,87304722466697,87304802634868,3485490802,0
1763637705299,1330,4359068,87304739836699,87304802626121,1042235137,0
1763637705299,1333,8234022,87304712122366,87304802619518,992516606,0
1763637705299,1340,8320704,87304748973333,87304802684799,1037960186,0
1763637705299,1328,3230192,87304778287083,87304802713255,739200692,0
1763637705299,1341,16952158,87304723135778,87304802702100,1725704566,0
1763637705299,1342,69000960,87304721817956,87304802534130,6812991918,0
1763637705299,1332,3777710,87304766151005,87304801371300,947596117,0
1763637705299,1331,5946690,87304765537289,87304802751842,946057038,0
1763637705299,1327,8625120,87304746634225,87304802857249,981585485,0
1763637705299,1338,9827978,87304731678503,87304800996136,1053938111,0
1763637705399,1334,2961706,87304871498992,87304903163304,905277700,0
1763637705399,1336,3779832,87304861080754,87304891821603,825183106,0
1763637705399,1329,16924684,87304823328040,87304903175259,1711579121,0
1763637705399,1339,6265880,87304851578437,87304902907905,1020534236,0
1763637705399,1337,3997566,87304859053240,87304903223089,636269719,0
1763637705399,1335,34396886,87304822520939,87304903254500,3476299806,0
1763637705399,1330,5950902,87304840878044,87304903189145,794611631,0
1763637705399,1333,13349902,87304812614499,87304901641329,889724486,0
1763637705399,1340,7122058,87304848993454,87304903222649,1160577157,0
1763637705399,1328,4183598,87304878304304,87304903162411,1018656012,0
1763637705399,1341,16966964,87304823165529,87304903240676,1711835462,0
1763637705399,1342,67510582,87304821891598,87304903119978,6808123172,0
1763637705399,1332,5509084,87304866386891,87304903436925,927660261,0
1763637705399,1331,5022848,87304867812058,87304902099809,1065094857,0
1763637705399,1327,6942376,87304846685618,87304903291013,1040742346,0
1763637705399,1338,5079934,87304832124904,87304902017486,996211791,0
1763637705500,1334,5490050,87304971586509,87305003633317,1022243868,0
1763637705500,1336,5538680,87304961235193,87305003499800,810761583,0
1763637705500,1329,17104382,87304923333607,87305003693800,1704724700,0
1763637705500,1339,7348264,87304951679021,87305002394605,941680784,0
1763637705500,1337,3583238,87304960846691,87305003673464,669438324,0
1763637705500,1335,35117768,87304922592036,87305003760503,3444372350,0
1763637705500,1330,8149462,87304940886565,87305002994896,802313704,0
1763637705500,1333,6181336,87304913297980,87305002870491,999673572,0
1763637705500,1340,4874884,87304949014096,87305003772176,1032422129,0
1763637705500,1328,4278736,87304978346775,87305003696616,1083162452,0
1763637705500,1341,17176242,87304923191194,87305003833563,1703245464,0
1763637705500,1342,69540022,87304921975031,87305003633317,6724161287,0
1763637705500,1332,4454190,87304966789006,87305003861754,1033503229,0
1763637705500,1331,5223686,87304967847467,87305002469873,1168635875,0
1763637705500,1327,5257510,87304954452029,87305002393709,970452191,0
1763637705500,1338,4741694,87304932163323,87305005666824,877972594,0
1763637705603,1334,4468980,87305071601923,87305105831075,1168305835,0
1763637705603,1336,8578612,87305063409807,87305107073646,892424745,0
1763637705603,1329,17882318,87305023333655,87305106985151,1702443941,0
1763637705603,1339,3834796,87305051679837,87305105811768,916552834,0
1763637705603,1337,7642102,87305060860504,87305107031108,773355853,0
1763637705603,1335,36324854,87305022643954,87305107162000,3449019557,0
1763637705603,1330,3822112,87305042417848,87305107158809,875296827,0
1763637705603,1333,7354614,87305013373347,87305105830637,767943282,0
1763637705603,1340,9553158,87305049014960,87305107155262,935794159,0
1763637705603,1328,4084248,87305078434868,87305106560227,1225745405,0
1763637705603,1341,17939404,87305023229482,87305107248982,1704421732,0
1763637705603,1342,72269204,87305021975288,87305107039654,6748953299,0
1763637705603,1332,4699414,87305066829152,87305105410933,1015286352,0
1763637705603,1331,2439556,87305067932279,87305107363778,1048665874,0
1763637705603,1327,6166530,87305055511061,87305107320393,965180029,0
1763637705603,1338,6640082,87305032205866,87305107342794,699742643,0
1763637705705,1334,4014478,87305173548856,87305208876357,1072782271,0
1763637705705,1336,3830568,87305176173287,87305209136447,863675402,0
1763637705705,1329,18083156,87305123403159,87305209144067,1705613973,0
1763637705705,1339,9001412,87305151698475,87305208473189,869330524,0
1763637705705,1337,7819694,87305160866348,87305209199495,1037497892,0
1763637705705,1335,36764566,87305122665437,87305209192678,3442399924,0
1763637705705,1330,3915144,87305143432635,87305209199940,671284148,0
1763637705705,1333,12992628,87305113869264,87305209180708,711455751,0
1763637705705,1340,9650402,87305149058041,87305209194112,1118897741,0
1763637705705,1328,3627624,87305179261667,87305209177001,1090073610,0
1763637705705,1341,18169838,87305123303487,87305209296401,1704959309,0
1763637705705,1342,72347414,87305121989957,87305209084682,6753252616,0
1763637705705,1332,4392892,87305166830323,87305207731639,1097188592,0
1763637705705,1331,2526238,87305167970772,87305209415850,760671723,0
1763637705705,1327,6335666,87305155545675,87305209390940,873629220,0
1763637705705,1338,8667400,87305132487024,87305208235964,707737791,0
1763637705806,1334,5502734,87305273959866,87305307980146,1087149862,0
1763637705806,1336,3978548,87305276685513,87305309622202,848613108,0
1763637705806,1329,17964772,87305223503869,87305309585356,1695613635,0
1763637705806,1339,6640066,87305252261581,87305309621317,949947994,0
1763637705806,1337,5919200,87305261331923,87305309661155,1134270829,0
1763637705806,1335,36696918,87305222673185,87305309721338,3427150344,0
1763637705806,1330,9280460,87305243696128,87305309726341,599029267,0
1763637705806,1333,7088234,87305214055034,87305309253380,914898783,0
1763637705806,1340,7339808,87305249437957,87305309729906,1153087542,0
1763637705806,1328,2350752,87305280694761,87305308088575,867327673,0
1763637705806,1341,18097946,87305223315286,87305309668832,1695359163,0
1763637705806,1342,73395958,87305222010988,87305309602671,6689328653,0
1763637705806,1332,5151810,87305267475286,87305308849646,1059508766,0
1763637705806,1331,1898372,87305268433171,87305283516365,689831556,0
1763637705806,1327,6344106,87305256403368,87305308850086,932566818,0
1763637705806,1338,13018012,87305232737148,87305309957036,833730805,0
1763637705906,1334,5735274,87305374013269,87305409343618,1033592127,0
1763637705906,1336,3881288,87305376720242,87305410073122,910611665,0
1763637705906,1329,18169822,87305323671703,87305410082840,1681522119,0
1763637705906,1339,6868378,87305352308674,87305410146832,943131047,0
1763637705906,1337,2906758,87305361377295,87305410150922,970979862,0
1763637705906,1335,36857582,87305322673186,87305410101417,3392936755,0
1763637705906,1330,10844804,87305343732880,87305409207160,900008819,0
1763637705906,1333,10999134,87305314388769,87305409292400,761695615,0
1763637705906,1340,3547292,87305351459745,87305410151366,1005056002,0
1763637705906,1328,1862426,87305381990827,87305409287511,835777379,0
1763637705906,1341,18241714,87305323356463,87305410243609,1682196512,0
1763637705906,1342,73632726,87305322031128,87305410076017,6679039183,0
1763637705906,1332,4986918,87305368684031,87305410071350,1005655709,0
1763637705906,1331,6769028,87305368508779,87305410392299,691772646,0
1763637705906,1327,6306070,87305356428890,87305410072234,944939326,0
1763637705906,1338,10149306,87305333657298,87305410231869,1027017012,0
1763637706007,1334,3502890,87305475614221,87305510662034,1013498181,0
1763637706007,1336,2944810,87305477838166,87305510672961,908553428,0
1763637706007,1329,17990140,87305423680106,87305510690447,1678764482,0
1763637706007,1339,6504770,87305453234373,87305510672079,910763393,0
1763637706007,1337,2883480,87305461843647,87305509960472,724862890,0
1763637706007,1335,36730742,87305422690849,87305510757202,3380267927,0
1763637706007,1330,10493896,87305445541877,87305510782135,1093367746,0
1763637706007,1333,12187202,87305414648909,87305509855632,831732635,0
1763637706007,1340,3500784,87305451512684,87305509961372,743987774,0
1763637706007,1328,3915128,87305482049125,87305508550502,931713939,0
1763637706007,1341,18095840,87305423356632,87305510851806,1678579080,0
1763637706007,1342,74055526,87305422031352,87305510661906,6667117257,0
1763637706007,1332,5515434,87305468685185,87305509688542,990056311,0
1763637706007,1331,6762678,87305468517546,87305510966214,983920146,0
1763637706007,1327,7536402,87305456741803,87305510939170,939555371,0
1763637706007,1338,7291194,87305434139270,87305512644009,985614686,0
1763637706112,1334,3439486,87305576034501,87305616043110,940999622,0
1763637706112,1336,6487858,87305577919204,87305616050476,782357643,0
1763637706112,1329,19861022,87305523783551,87305616042540,1667974463,0
1763637706112,1339,8840748,87305554933636,87305616111467,825635471,0
1763637706112,1337,6485752,87305562362737,87305615673258,712131785,0
1763637706112,1335,40349910,87305522841818,87305616135762,3361222657,0
1763637706112,1330,8166390,87305545546991,87305616172881,1131724274,0
1763637706112,1333,139524,87305614692686,87305615027694,1064306086,0
1763637706112,1340,7582910,87305552074327,87305615780238,698926970,0
1763637706112,1328,5735274,87305582072671,87305616096924,958134257,0
1763637706112,1341,19956160,87305523356793,87305616211145,1668652684,0
1763637706112,1342,80735766,87305522032393,87305616046683,6665187946,0
1763637706112,1332,3099124,87305568714506,87305616299238,1109346511,0
1763637706112,1331,5545014,87305569522397,87305616344893,1028681304,0
1763637706112,1327,5126442,87305556782172,87305616370656,1058584949,0
1763637706112,1338,7103040,87305537041083,87305616363169,875169896,0
1763637706213,1334,3151966,87305676080875,87305716390915,857859616,0
1763637706213,1336,4511276,87305677937686,87305716611185,887961566,0
1763637706213,1329,19831426,87305623895667,87305716624824,1693506133,0
1763637706213,1339,5978392,87305654939905,87305716611625,942891465,0
1763637706213,1337,6432910,87305663342716,87305716711211,824168980,0
1763637706213,1335,40248438,87305622895514,87305716689745,3403357322,0
1763637706213,1330,8434844,87305646153717,87305716121343,1027129428,0
1763637706213,1333,213506,87305714720081,87305715428041,1130420587,0
1763637706213,1340,7644224,87305652395988,87305716711657,811366523,0
1763637706213,1328,6018550,87305682582343,87305716771696,1054524582,0
1763637706213,1341,19956160,87305623424276,87305716778676,1692538554,0
1763637706213,1342,81310774,87305622079086,87305716594844,6749928237,0
1763637706213,1332,6208826,87305668723290,87305716610743,937358200,0
1763637706213,1331,5695116,87305669558341,87305716043089,978238548,0
1763637706213,1327,8377774,87305656834757,87305716610302,935643274,0
1763637706213,1338,6350456,87305637042284,87305716832314,818861728,0
1763637706313,1334,4225878,87305776450804,87305817036463,816050615,0
1763637706313,1336,2357102,87305777954046,87305816624787,872545629,0
1763637706313,1329,19603114,87305723954307,87305817072495,1703012875,0
1763637706313,1339,3978532,87305755052123,87305816625235,896728408,0
1763637706313,1337,6225738,87305763359430,87305817072034,894334126,0
1763637706313,1335,40523258,87305723037779,87305817156569,3417496852,0
1763637706313,1330,8354576,87305746154573,87305817158422,984729000,0
1763637706313,1333,539062,87305815025683,87305816140716,1004341021,0
1763637706313,1340,7640012,87305752396802,87305817157966,880653235,0
1763637706313,1328,3073756,87305782653931,87305816766183,1175880518,0
1763637706313,1341,19740532,87305723427217,87305817242883,1703090877,0
1763637706313,1342,81107830,87305722079959,87305817038269,6797923036,0
1763637706313,1332,8083936,87305768751277,87305817280471,977165509,0
1763637706313,1331,5540802,87305769656874,87305817280702,959064462,0
1763637706313,1327,10178902,87305756869177,87305817368814,985488895,0
1763637706313,1338,10487562,87305737961978,87305817386366,746515278,0
1763637706415,1334,2925776,87305876484064,87305917971757,747674420,0
1763637706415,1336,6177108,87305877960843,87305919200640,880266876,0
1763637706415,1329,20042826,87305823957249,87305919209094,1696235985,0
1763637706415,1339,7316546,87305855078113,87305918998622,801817381,0
1763637706415,1337,7179160,87305863390882,87305917214217,911510057,0
1763637706415,1335,40635308,87305823065569,87305919312897,3430588006,0
1763637706415,1330,8333404,87305846175689,87305917426534,959293023,0
1763637706415,1333,329784,87305916565727,87305917970870,818291862,0
1763637706415,1340,4777656,87305852460363,87305917771774,908745925,0
1763637706415,1328,5466804,87305883424052,87305919349071,1126583017,0
1763637706415,1341,20163332,87305823476398,87305919376057,1696137819,0
1763637706415,1342,82088726,87305822091821,87305919193700,6801252338,0
1763637706415,1332,5399156,87305868788924,87305919269416,998456722,0
1763637706415,1331,7855624,87305874396018,87305919375991,892406027,0
1763637706415,1327,6405404,87305859017566,87305919057391,1047794924,0
1763637706415,1338,13912226,87305839020976,87305919403742,891952431,0
1763637706516,1334,5648608,87305976490493,87306019336633,796610029,0
1763637706516,1336,4255474,87305978610780,87306019706003,1039405348,0
1763637706516,1329,20397978,87305924019653,87306019715732,1688965270,0
1763637706516,1339,8944326,87305955316187,87306019799870,793010079,0
1763637706516,1337,3860164,87305964496246,87306019584482,866657302,0
1763637706516,1335,41635222,87305923066341,87306019812158,3405127997,0
1763637706516,1330,5128564,87305946973233,87306019586274,970241956,0
1763637706516,1333,209278,87306017949342,87306019336189,875886439,0
1763637706516,1340,8914730,87305952463563,87306019837191,705001422,0
1763637706516,1328,4902358,87305983449090,87306019383210,1034680042,0
1763637706516,1341,20567098,87305923572676,87306019918671,1688040601,0
1763637706516,1342,83069622,87305922100711,87306019724483,6765138583,0
1763637706516,1332,6020672,87305969175365,87306021686856,1017101965,0
1763637706516,1331,7781626,87305974913396,87306021649021,1215861370,0
1763637706516,1327,5864236,87305959079355,87306019932370,894040914,0
1763637706516,1338,8815380,87305940432033,87306020834416,1115378251,0
1763637706621,1334,3443714,87306077739108,87306123884411,850216223,0
1763637706621,1336,7295406,87306079009460,87306123014699,973755097,0
1763637706621,1329,247330,87306124076586,87306125007307,1700986394,0
1763637706621,1339,5115880,87306055330186,87306125087937,984791165,0
1763637706621,1337,3737552,87306064632109,87306124732352,693588973,0
1763637706621,1335,877302,87306123100837,87306125090946,3437787543,0
1763637706621,1330,4931954,87306048157186,87306124731906,749622128,0
1763637706621,1333,374170,87306119907743,87306123885733,872692603,0
1763637706621,1340,12030766,87306053021102,87306125139314,919106940,0
1763637706621,1328,7426474,87306083474744,87306125178435,1035728953,0
1763637706621,1341,357258,87306123610801,87306125164033,1701848885,0
1763637706621,1342,2467030,87306122122603,87306125020938,6766199578,0
1763637706621,1332,9620806,87306070198699,87306123977468,969254684,0
1763637706621,1331,7984570,87306075082196,87306125249815,1262841675,0
1763637706621,1327,5156038,87306059415605,87306124991525,826855501,0
1763637706621,1338,10948398,87306041776887,87306125369058,1021520628,0
1763637706722,1334,7566014,87306178164661,87306225274825,781365726,0
1763637706722,1336,2963828,87306180161794,87306225365318,957694089,0
1763637706722,1329,331890,87306224163783,87306225618368,1706170751,0
1763637706722,1339,12244288,87306155441562,87306225565444,825613337,0
1763637706722,1337,10206392,87306169929243,87306225672745,566833143,0
1763637706722,1335,1147894,87306223109271,87306225669302,3437008065,0
1763637706722,1330,8944326,87306148872123,87306225175626,641215003,0
1763637706722,1333,750462,87306220043310,87306225684633,829017968,0
1763637706722,1340,6758450,87306153640471,87306225705037,1120776141,0
1763637706722,1328,3354910,87306183798571,87306224338279,1187440847,0
1763637706722,1341,488326,87306223645554,87306225641896,1706036225,0
1763637706722,1342,2974390,87306222155822,87306225537926,6744088902,0
1763637706722,1332,9257198,87306170244990,87306225849967,1073399753,0
1763637706722,1331,4200510,87306175086570,87306225705474,1195157379,0
1763637706722,1327,4111722,87306160009667,87306225365769,819608703,0
1763637706722,1338,9115568,87306142264010,87306224296262,1039727751,0
1763637706822,1334,5088390,87306278218680,87306326042223,1052515027,0
1763637706822,1336,6189776,87306280209019,87306326079945,771286539,0
1763637706822,1329,405888,87306324188342,87306326176833,1682668598,0
1763637706822,1339,7544874,87306255511643,87306326078607,1063293680,0
1763637706822,1337,12125904,87306269986601,87306326185933,906520371,0
1763637706822,1335,1283190,87306323156250,87306326182467,3395386649,0
1763637706822,1330,6502648,87306248932754,87306326185491,796138622,0
1763637706822,1333,932266,87306320087864,87306326254344,982668166,0
1763637706822,1340,7045970,87306253641281,87306326264781,955110953,0
1763637706822,1328,6081970,87306284062675,87306324923231,886539396,0
1763637706822,1341,560218,87306323652300,87306326328346,1683087316,0
1763637706822,1342,3380278,87306322174745,87306326121996,6753804520,0
1763637706822,1332,7466632,87306270725494,87306326340532,1200603950,0
1763637706822,1331,4868550,87306282852958,87306324200095,887510351,0
1763637706822,1327,7172794,87306260054744,87306326079056,673934969,0
1763637706822,1338,7771064,87306243791569,87306326333892,918728502,0
1763637706923,1334,6792290,87306378236454,87306426699820,1078082232,0
1763637706923,1336,5037654,87306380717521,87306426559687,866206316,0
1763637706923,1329,539062,87306424285939,87306426638492,1681801787,0
1763637706923,1339,11350058,87306355537427,87306426780198,998213500,0
1763637706923,1337,18091596,87306370062192,87306426742502,1276168940,0
1763637706923,1335,1587606,87306423200002,87306426805236,3400325029,0
1763637706923,1330,4325244,87306348963067,87306426620916,713635813,0
1763637706923,1333,794864,87306420107983,87306426158960,817754250,0
1763637706923,1340,2439556,87306353751161,87306426621800,823195207,0
1763637706923,1328,6356806,87306384069315,87306426870412,1052145508,0
1763637706923,1341,687042,87306423755750,87306426846870,1681286224,0
1763637706923,1342,3853814,87306422187720,87306426713508,6718279916,0
1763637706923,1332,5566154,87306370789110,87306426776666,1109029542,0
1763637706923,1331,2044246,87306384286405,87306428661817,909349054,0
1763637706923,1327,6889518,87306361114574,87306428397059,714584980,0
1763637706923,1338,6952938,87306343793169,87306428694054,825757188,0
1763637707028,1334,3771376,87306479696292,87306530564938,985678296,0
1763637707028,1336,7716100,87306480937437,87306530448944,934962369,0
1763637707028,1329,1653148,87306524356882,87306532044958,1688520606,0
1763637707028,1339,12540248,87306455537822,87306532112926,1045362192,0
1763637707028,1337,10508702,87306471555571,87306531206317,1741101761,0
1763637707028,1335,3786166,87306523305356,87306532107580,3420667973,0
1763637707028,1330,6297598,87306454205037,87306524875067,531173441,0
1763637707028,1333,2001950,87306520217547,87306532180302,1048718409,0
1763637707028,1340,14375216,87306455934914,87306532210237,602756759,0
1763637707028,1328,3278822,87306485441975,87306530564054,975012260,0
1763637707028,1341,1796900,87306523808464,87306532248381,1689600472,0
1763637707028,1342,8352406,87306522198657,87306532049053,6699401993,0
1763637707028,1332,4900252,87306470842805,87306531886733,962550716,0
1763637707028,1331,1524202,87306486364991,87306524597692,618280163,0
1763637707028,1327,4864306,87306461698254,87306532381166,786465970,0
1763637707028,1338,13711388,87306443801607,87306532404813,758615580,0
1763637707129,1334,4060986,87306580615983,87306632603550,758116377,0
1763637707129,1336,7060744,87306581914093,87306632649043,949752413,0
1763637707129,1329,1682744,87306624361395,87306632671275,1684326310,0
1763637707129,1339,6904324,87306557705710,87306632210636,1095254427,0
1763637707129,1337,8284774,87306571600501,87306632704333,1533121267,0
1763637707129,1335,3819990,87306623418278,87306632712809,3396923535,0
1763637707129,1330,4287176,87306558737199,87306631372045,508672173,0
1763637707129,1333,1490362,87306620306944,87306632238247,1220934007,0
1763637707129,1340,18324168,87306555957619,87306632115911,1106376564,0
1763637707129,1328,3731202,87306586394321,87306632751736,751273908,0
1763637707129,1341,1803234,87306623831124,87306632753904,1685221076,0
1763637707129,1342,8555350,87306622203106,87306632614447,6702186724,0
1763637707129,1332,5540786,87306571308613,87306632266238,878043659,0
1763637707129,1331,545412,87306590294934,87306614773544,415237397,103929943
1763637707129,1327,11062554,87306562544096,87306632023666,768716666,0
1763637707129,1338,14239904,87306543813469,87306632978256,1000157904,0
1763637707232,1334,7155882,87306680633114,87306735630848,846256712,0
1763637707232,1336,7688610,87306682205731,87306736046687,1036492160,0
1763637707232,1329,2445890,87306724449953,87306736059230,1649165609,0
1763637707232,1339,7821800,87306659122258,87306736121475,877891343,0
1763637707232,1337,15028434,87306673915004,87306735961410,1272775866,0
1763637707232,1335,5477366,87306723427359,87306736145284,3331336206,0
1763637707232,1330,4680412,87306659479170,87306736146949,504131953,0
1763637707232,1333,980896,87306720346926,87306735564948,1143320198,0
1763637707232,1340,8128338,87306656027364,87306732890227,1489207535,0
1763637707232,1328,4604292,87306711272514,87306736232343,601937089,0
1763637707232,1341,2604448,87306723894729,87306736243619,1648969173,0
1763637707232,1342,11633334,87306722229696,87306736037032,6674432406,0
1763637707232,1332,7826028,87306671332216,87306734865886,855212156,0
1763637707232,1331,1875110,87306690322752,87306732890667,352345158,0
1763637707232,1327,7716100,87306662582056,87306734867209,968023893,0
1763637707232,1338,12248516,87306644189831,87306735486737,1121033355,0
1763637707333,1334,3454276,87306781193254,87306836609773,824400987,0
1763637707333,1336,9415756,87306782270116,87306836616459,1130826789,0
1763637707333,1329,2492398,87306824451286,87306836623494,1643958282,0
1763637707333,1339,13223062,87306759174930,87306836219961,896259275,0
1763637707333,1337,12231620,87306773938814,87306836675310,1547644162,0
1763637707333,1335,5511190,87306823472654,87306836659841,3323646081,0
1763637707333,1330,10597490,87306761196803,87306832792945,573372470,0
1763637707333,1333,919582,87306822258528,87306836610659,829294278,0
1763637707333,1340,4143440,87306770530643,87306836677968,1034758951,0
1763637707333,1328,4365418,87306811275526,87306836762892,992901863,0
1763637707333,1341,2634044,87306823921445,87306836711842,1644412654,0
1763637707333,1342,12064590,87306822230001,87306836584704,6664472934,0
1763637707333,1332,3929918,87306772398541,87306835376147,834064391,0
1763637707333,1331,1885688,87306797157963,87306835902207,385682756,106835211
1763637707333,1327,4452084,87306763186821,87306835376587,862748838,0
1763637707333,1338,15529444,87306744195478,87306836945821,1100740331,0
1763637707436,1334,5498522,87306882627615,87306940126644,661209209,0
1763637707436,1336,3602256,87306883036661,87306940125640,1129921624,0
1763637707436,1329,3200596,87306924474401,87306940130613,1679979934,0
1763637707436,1339,5492172,87306859973411,87306940125197,1087540384,0
1763637707436,1337,10586960,87306873967129,87306940016859,1545213981,0
1763637707436,1335,6872606,87306923506006,87306940227839,3371394304,0
1763637707436,1330,4344278,87306862493141,87306936559703,808674147,0
1763637707436,1333,2029440,87306922291309,87306940243933,705522427,0
1763637707436,1340,10538314,87306871205845,87306937941599,833528669,0
1763637707436,1328,3452154,87306911300903,87306940127089,1158472610,0
1763637707436,1341,3333770,87306923925832,87306940192912,1679691989,0
1763637707436,1342,14508374,87306922238807,87306940086512,6697766338,0
1763637707436,1332,10633420,87306872398987,87306938751688,761697218,0
1763637707436,1331,4077914,87306898537363,87306940417721,390689224,0
1763637707436,1327,13053942,87306864246665,87306940370371,728246913,0
1763637707436,1338,14387884,87306844195641,87306940238664,1218984675,0
1763637707537,1334,6437138,87306982635368,87307040657843,738406187,0
1763637707537,1336,4832604,87306983976305,87307040674188,801200202,0
1763637707537,1329,3274594,87307024497528,87307040655574,1669331765,0
1763637707537,1339,5997410,87306959973814,87307040673736,808949283,0
1763637707537,1337,7437052,87306974448610,87307040496352,1398553019,0
1763637707537,1335,7191828,87307023508381,87307040755509,3351151357,0
1763637707537,1330,6227844,87306962740518,87307039134411,616312295,0
1763637707537,1333,1991372,87307022346004,87307040742064,801023556,0
1763637707537,1340,10356526,87306971267179,87307040760072,934547477,0
1763637707537,1328,3331680,87307011327564,87307040743842,1023988849,0
1763637707537,1341,3409874,87307023937732,87307040799723,1669957291,0
1763637707537,1342,15151030,87307022247984,87307040637067,6618687419,0
1763637707537,1332,9544718,87306972801782,87307040869496,1002819262,0
1763637707537,1331,3889776,87307002506544,87307039134863,551253773,0
1763637707537,1327,11037202,87306964299103,87307039453828,1031290247,0
1763637707537,1338,10698978,87306944278144,87307042703385,1196530893,0
1763637707639,1334,3411996,87307082673356,87307142885159,813229696,0
1763637707639,1336,4665590,87307085282947,87307142963237,693744473,0
1763637707639,1329,3786166,87307124527791,87307142993679,1660313856,0
1763637707639,1339,6181336,87307060763840,87307144383299,696184854,0
1763637707639,1337,11045610,87307074890709,87307144536275,1209875874,0
1763637707639,1335,8724470,87307123520566,87307144638360,3344924908,0
1763637707639,1330,9007730,87307062779353,87307144636539,609072886,0
1763637707639,1333,3803094,87307122391232,87307144679186,911361370,0
1763637707639,1340,8079708,87307071959486,87307144742336,1015991884,0
1763637707639,1328,788530,87307139640429,87307144754195,842029234,0
1763637707639,1341,4289314,87307123983884,87307144762215,1659480601,0
1763637707639,1342,18398134,87307122291429,87307144641167,6571266087,0
1763637707639,1332,10364950,87307072810724,87307144856776,1089556398,0
1763637707639,1331,1515730,87307103622440,87307143349262,576266224,0
1763637707639,1327,11128096,87307065935891,87307144899773,1083639696,0
1763637707639,1338,61298,87307144362695,87307144755518,1078832975,0
1763637707743,1334,8574384,87307182720970,87307246909968,786615674,0
1763637707743,1336,3608606,87307185303953,87307247201952,687661690,0
1763637707743,1329,4762834,87307224564694,87307247201367,1659891690,0
1763637707743,1339,5506978,87307160810306,87307247196640,664284145,0
1763637707743,1337,7422262,87307174893479,87307246738164,1220516405,0
1763637707743,1335,9975958,87307223524007,87307247290530,3320311031,0
1763637707743,1330,3777710,87307162804796,87307232974401,792322895,0
1763637707743,1333,2807392,87307222404472,87307247291573,807488585,0
1763637707743,1340,13072976,87307171987173,87307244695032,920450305,0
1763637707743,1328,813882,87307239971277,87307246905079,999605719,0
1763637707743,1341,4870656,87307224038822,87307247355240,1660339665,0
1763637707743,1342,20562870,87307222319949,87307247175679,6558862718,0
1763637707743,1332,11569914,87307173526549,87307247459237,1069606228,0
1763637707743,1331,5255420,87307203974586,87307247493036,497864072,100352146
1763637707743,1327,13159658,87307166404326,87307247459679,1076861127,0
1763637707743,1338,429134,87307244400085,87307247480286,832730017,0
1763637707845,1334,5716256,87307282743715,87307347695324,889647024,0
1763637707845,1336,6999446,87307285324095,87307349175785,647763146,0
1763637707845,1329,5168722,87307324616689,87307349225389,1656005775,0
1763637707845,1339,9189566,87307261079350,87307349174902,580756071,0
1763637707845,1337,13576124,87307276646498,87307349272707,1080788438,0
1763637707845,1335,10821558,87307323541981,87307349289114,3313175521,0
1763637707845,1330,2278908,87307266617234,87307345841372,556626997,0
1763637707845,1333,2137246,87307322471281,87307347695766,818825700,0
1763637707845,1340,10485456,87307279440274,87307349033659,1035405723,0
1763637707845,1328,1384662,87307341393305,87307349041324,1010470699,0
1763637707845,1341,5295562,87307324050292,87307349394327,1655972952,0
1763637707845,1342,22051126,87307322368298,87307349185465,6552012298,0
1763637707845,1332,8561700,87307273535187,87307347384586,1158125591,0
1763637707845,1331,1033754,87307314051867,87307348438576,695479766,0
1763637707845,1327,8193864,87307268460850,87307348681965,1152145606,0
1763637707845,1338,784286,87307345609691,87307349550208,857004447,0
1763637707946,1334,3923584,87307384671929,87307449399821,744310364,0
1763637707946,1336,6733082,87307387244876,87307447932721,749416538,0
1763637707946,1329,5464682,87307424653203,87307449722463,1661291100,0
1763637707946,1339,11848978,87307361176130,87307449172967,706095783,0
1763637707946,1337,5642258,87307378386752,87307449177740,1211121697,0
1763637707946,1335,11362742,87307423609862,87307449820968,3311487438,0
1763637707946,1330,6614698,87307366634623,87307449094582,454253224,100017389
1763637707946,1333,1705990,87307422475856,87307449400265,657585416,0
1763637707946,1340,7595594,87307379587809,87307449815580,1075230952,0
1763637707946,1328,1549570,87307441493168,87307449904738,1136606283,0
1763637707946,1341,5616890,87307424080664,87307449905708,1660311442,0
1763637707946,1342,23708502,87307422372570,87307449718221,6543264971,0
1763637707946,1332,8603964,87307375330278,87307450302507,1040344371,0
1763637707946,1331,8339722,87307414157605,87307450863672,606474542,0
1763637707946,1327,8468700,87307368491311,87307451574974,956730210,0
1763637707946,1338,1037966,87307445620244,87307451644275,1086309605,0
1763637708051,1334,5741624,87307485961270,87307555047174,613255852,0
1763637708051,1336,5016514,87307487748485,87307553934413,759211078,0
1763637708051,1329,6494208,87307524728898,87307555028585,1686928426,0
1763637708051,1339,15597092,87307461275307,87307555058450,899355919,0
1763637708051,1337,5561926,87307479576481,87307554188744,915089180,0
1763637708051,1335,13696598,87307523653457,87307555063470,3393539726,0
1763637708051,1330,9722294,87307466680870,87307554278408,594792577,0
1763637708051,1333,3103336,87307522512181,87307554209567,638677102,0
1763637708051,1340,5327280,87307481473459,87307554277957,913084877,0
1763637708051,1328,2198560,87307541534723,87307554089093,1153384331,0
1763637708051,1341,6665434,87307524087264,87307555210256,1687706642,0
1763637708051,1342,28050658,87307522372592,87307555016521,6691407253,0
1763637708051,1332,12366884,87307476320499,87307555273331,995093732,0
1763637708051,1331,9043676,87307515051535,87307555294956,1007080287,0
1763637708051,1327,6506892,87307469168319,87307553933969,862206309,0
1763637708051,1338,1388890,87307547015150,87307554207355,1181390021,0
1763637708152,1334,5346298,87307585981077,87307655479853,742025686,0
1763637708152,1336,4242806,87307588519609,87307655598018,677412200,0
1763637708152,1329,6585102,87307624753105,87307655558578,1688352330,0
1763637708152,1339,15582286,87307561276763,87307655592819,1115071231,0
1763637708152,1337,7401106,87307579598164,87307655552535,728077930,0
1763637708152,1335,14068662,87307623729582,87307655662929,3396146932,0
1763637708152,1330,5344192,87307569479861,87307655553425,684172224,0
1763637708152,1333,5701466,87307622553629,87307655692211,722606844,0
1763637708152,1340,4872762,87307583103088,87307655714496,686518521,0
1763637708152,1328,866740,87307641545475,87307655743508,1071230752,0
1763637708152,1341,6773256,87307624098908,87307655762888,1687578997,0
1763637708152,1342,28274742,87307622381228,87307655555375,6756728570,0
1763637708152,1332,13341446,87307577950168,87307655207928,1101857561,0
1763637708152,1331,7580804,87307615109584,87307655492213,1522319872,0
1763637708152,1327,5595750,87307570049423,87307655861570,735877931,0
1763637708152,1338,1585500,87307647047664,87307655819140,1093494410,0
1763637708252,1334,10726420,87307686926920,87307755946655,662105879,0
1763637708252,1336,6071408,87307690436061,87307756120542,587533207,0
1763637708252,1329,6593558,87307724890799,87307756173773,1694186711,0
1763637708252,1339,10629192,87307661323816,87307756119672,1210876998,0
1763637708252,1337,6027006,87307679628502,87307756253570,740047771,0
1763637708252,1335,13764246,87307723801754,87307756254722,3411037505,0
1763637708252,1330,6980428,87307669480124,87307756259865,601853748,0
1763637708252,1333,2906742,87307723169980,87307754493187,975398679,0
1763637708252,1340,7580804,87307683148129,87307754507225,629281473,0
1763637708252,1328,1729268,87307741576813,87307756328052,906970760,0
1763637708252,1341,6775362,87307724110831,87307756339916,1694953854,0
1763637708252,1342,28849750,87307722406159,87307756138082,6774800079,0
1763637708252,1332,11102744,87307677968477,87307756414590,1220098342,0
1763637708252,1331,6737310,87307715765308,87307755741987,1502877515,0
1763637708252,1327,11320462,87307671556396,87307756415924,634430766,0
1763637708252,1338,634216,87307747341080,87307756451126,1081541792,0
1763637708353,1334,9400966,87307786962664,87307856658726,966970197,0
1763637708353,1336,6242634,87307791174876,87307855058567,757786038,0
1763637708353,1329,6766906,87307824988576,87307856687628,1696598095,0
1763637708353,1339,13438690,87307761357526,87307856297791,1067487702,0
1763637708353,1337,11132308,87307781288878,87307856504981,663063525,0
1763637708353,1335,14001014,87307823814554,87307856809054,3410030175,0
1763637708353,1330,11887030,87307769500967,87307856759102,611281626,0
1763637708353,1333,4363296,87307823173307,87307855957527,787285132,0
1763637708353,1340,4726904,87307783247881,87307856759541,787873797,0
1763637708353,1328,1505184,87307842084358,87307856816986,1077247347,0
1763637708353,1341,6978306,87307824178265,87307856855479,1696225222,0
1763637708353,1342,29357110,87307822478099,87307856695341,6774128427,0
1763637708353,1332,11026640,87307779423996,87307856967718,1097211944,0
1763637708353,1331,2365574,87307815860767,87307857229535,1280870567,0
1763637708353,1327,7325018,87307771616250,87307857491865,803650951,0
1763637708353,1338,2120334,87307847858962,87307858357202,828055819,0
1763637708456,1334,9085956,87307888101882,87307960138212,959881425,0
1763637708456,1336,6910674,87307891216809,87307960189721,853667131,0
1763637708456,1329,7766836,87307925011338,87307960223225,1711375314,0
1763637708456,1339,10973766,87307861491550,87307960238892,1092275125,0
1763637708456,1337,7487788,87307883148149,87307959611221,894466323,0
1763637708456,1335,15928982,87307923840083,87307960216362,3428246203,0
1763637708456,1330,9071182,87307869564682,87307959693961,854761820,0
1763637708456,1333,6500542,87307924765549,87307960265310,772277540,0
1763637708456,1340,9893520,87307884015401,87307960316462,683614683,0
1763637708456,1328,1179612,87307943465587,87307959051595,1014132685,0
1763637708456,1341,8039534,87307924238250,87307960329898,1709262450,0
1763637708456,1342,32671862,87307922490177,87307960182207,6815050821,0
1763637708456,1332,10694734,87307879471141,87307958741042,1059614816,0
1763637708456,1331,6153862,87307915873250,87307960460634,985058824,0
1763637708456,1327,11119640,87307873191009,87307958740599,722667231,0
1763637708456,1338,684936,87307947943777,87307959047765,1000630142,0
1763637708558,1334,8041656,87307988123882,87308061329625,1041887084,0
1763637708558,1336,9451702,87307991217109,87308061838281,927681262,0
1763637708558,1329,8111410,87308025026280,87308062097313,1734219666,0
1763637708558,1339,14969242,87307962197003,87308062106172,985120424,0
1763637708558,1337,5079934,87307983181529,87308060959395,798716316,0
1763637708558,1335,16630830,87308023899891,87308062201152,3461102588,0
1763637708558,1330,5912850,87307970152855,87308060960297,810552319,0
1763637708558,1333,2801058,87308026220521,87308062215551,1048416573,0
1763637708558,1340,12487406,87307984031071,87308062088174,889923611,0
1763637708558,1328,3025126,87308043515318,87308062114190,902019128,0
1763637708558,1341,8250934,87308024327488,87308062209328,1735636713,0
1763637708558,1342,33957174,87308022500119,87308062078422,6857230440,0
1763637708558,1332,6995234,87307979528465,87308061837827,997748205,0
1763637708558,1331,6589330,87308015884696,87308062367900,1102560307,0
1763637708558,1327,9257198,87307974735030,87308061213179,831083853,0
1763637708558,1338,2280998,87308048195527,87308062445796,874565934,0
1763637708659,1334,4855850,87308088608168,87308161178382,977554797,0
1763637708659,1336,7293300,87308091408224,87308162644879,910647995,0
1763637708659,1329,8451772,87308125081085,87308162636571,1738614924,0
1763637708659,1339,13979874,87308062213157,87308161600143,1091318048,0
1763637708659,1337,4870656,87308083818359,87308162615271,645046977,0
1763637708659,1335,17214294,87308123944068,87308162711448,3483213180,0
1763637708659,1330,5756430,87308071343899,87308162614830,655802520,0
1763637708659,1333,6403298,87308126249453,87308162732121,996085682,0
1763637708659,1340,12533898,87308084673110,87308162616164,1088811638,0
1763637708659,1328,1194402,87308143548609,87308161222687,841969729,0
1763637708659,1341,8589174,87308124441044,87308162736133,1738136298,0
1763637708659,1342,35039542,87308122511824,87308162603933,6853909009,0
1763637708659,1332,8872450,87308079592410,87308162874843,819067514,0
1763637708659,1331,7593488,87308115945279,87308162827015,1163546744,0
1763637708659,1327,12176656,87308075476970,87308161599697,869138750,0
1763637708659,1338,2646728,87308148245101,87308162148390,1074211376,0
1763637708763,1334,9783576,87308188884444,87308266700270,744372929,0
1763637708763,1336,10299408,87308191438426,87308265532852,953654371,0
1763637708763,1329,8976044,87308225334770,87308267207786,1753928590,0
1763637708763,1339,625744,87308263557124,87308267127922,914902803,0
1763637708763,1337,10001342,87308184245936,87308266411256,577817828,0
1763637708763,1335,18871670,87308223999797,87308267286250,3502179360,0
1763637708763,1330,12924996,87308171420699,87308266565275,580626447,0
1763637708763,1333,6329316,87308226265621,87308266573849,1069322076,0
1763637708763,1340,7267932,87308184720124,87308267271399,1185660739,0
1763637708763,1328,2344418,87308245033018,87308267347490,866930960,0
1763637708763,1341,9157848,87308224493690,87308267372390,1755466775,0
1763637708763,1342,38963126,87308222515901,87308267165149,6906625758,0
1763637708763,1332,11235902,87308179648790,87308265704654,879253409,0
1763637708763,1331,5519646,87308216582123,87308267435544,1101719406,0
1763637708763,1327,9521440,87308175510781,87308266204726,951141836,0
1763637708763,1338,2204894,87308249023538,87308265269148,1020828927,0
1763637708864,1334,8601858,87308290136231,87308366993139,857990433,0
1763637708864,1336,7957096,87308292527567,87308367583843,1010256824,0
1763637708864,1329,9282566,87308325364915,87308367651137,1749867718,0
1763637708864,1339,539062,87308364055481,87308366597949,908025056,0
1763637708864,1337,13153308,87308286234932,87308366575056,716066526,0
1763637708864,1335,19345206,87308324016540,87308367726598,3508290511,0
1763637708864,1330,13360480,87308271460326,87308367742334,815560923,0
1763637708864,1333,3073756,87308326314002,87308367733684,1149875950,0
1763637708864,1340,5699344,87308284720309,87308367816619,994996985,0
1763637708864,1328,1625658,87308345042414,87308367801884,940270500,0
1763637708864,1341,9536246,87308324497005,87308367860199,1749010744,0
1763637708864,1342,38996950,87308322538630,87308367633581,6914750768,0
1763637708864,1332,12738964,87308279765131,87308366191443,902477019,0
1763637708864,1331,2936338,87308316601798,87308367969694,952778865,0
1763637708864,1327,12018082,87308275538893,87308367920438,897321875,0
1763637708864,1338,3591694,87308349111278,87308369644070,992743987,0
1763637708969,1334,24330034,87308390184378,87308472528010,965524413,0
1763637708969,1336,7995148,87308392562935,87308472791954,943247617,0
1763637708969,1329,10436810,87308425442049,87308473097004,1750131264,0
1763637708969,1339,1596062,87308464520610,87308472968293,960538608,0
1763637708969,1337,12960926,87308386346455,87308472533820,1006139675,0
1763637708969,1335,21374646,87308424100236,87308473133702,3503411429,0
1763637708969,1330,177576,87308471813259,87308472533378,1085540833,0
1763637708969,1333,3126598,87308426922980,87308471064300,841791853,0
1763637708969,1340,6380036,87308386016730,87308473172204,763793231,0
1763637708969,1328,1989266,87308445097847,87308473210578,732802765,0
1763637708969,1341,10648226,87308424497055,87308473179933,1749785174,0
1763637708969,1342,43664662,87308422556413,87308473043441,6895988215,0
1763637708969,1332,12827736,87308379799636,87308473331052,1015989322,0
1763637708969,1331,4458418,87308416623386,87308473300516,710570077,0
1763637708969,1327,10170446,87308375593193,87308472791516,953886280,0
1763637708969,1338,2202788,87308456157380,87308473375855,814086467,0
1763637709070,1334,22909410,87308490184470,87308573598007,1595233183,0
1763637709070,1336,5206774,87308492626603,87308573586002,834240217,0
1763637709070,1329,10707402,87308525459290,87308573647859,1748081675,0
1763637709070,1339,1342382,87308564534742,87308572050204,1149551681,0
1763637709070,1337,7132620,87308486346473,87308573695539,1078669973,0
1763637709070,1335,21882006,87308524239002,87308573681427,3486499051,0
1763637709070,1330,209278,87308571967374,87308573695978,890030836,0
1763637709070,1333,2684780,87308528827597,87308573599336,664108694,0
1763637709070,1340,12901750,87308487068991,87308573216701,692598184,0
1763637709070,1328,2156296,87308546706341,87308573782724,590682710,0
1763637709070,1341,10927258,87308524507257,87308573794832,1746871227,0
1763637709070,1342,44104374,87308522566021,87308573631749,6882829528,0
1763637709070,1332,15988174,87308479799812,87308573584249,1067865115,0
1763637709070,1331,9039464,87308516730485,87308573297375,720278214,0
1763637709070,1327,6282808,87308475593300,87308573937600,886889581,0
1763637709070,1338,1674272,87308556255057,87308573935876,817350697,0
1763637709175,1334,8453878,87308590741005,87308679075566,1807140716,0
1763637709175,1336,13658562,87308592637481,87308679080744,714738293,0
1763637709175,1329,11519178,87308625486334,87308679074076,1743927985,0
1763637709175,1339,2166842,87308664604295,87308678319457,975311655,0
1763637709175,1337,10483334,87308586361574,87308679149926,877354182,0
1763637709175,1335,23640854,87308624267246,87308679084185,3481312227,0
1763637709175,1330,887880,87308672017461,87308679152606,903439247,0
1763637709175,1333,8149478,87308628878816,87308678490922,637159675,0
1763637709175,1340,10508686,87308587109963,87308679123475,923692202,0
1763637709175,1328,5126442,87308647077020,87308679186861,666790471,0
1763637709175,1341,11834172,87308624519914,87308679258726,1742179336,0
1763637709175,1342,48569142,87308622657422,87308679052434,6885608816,0
1763637709175,1332,10189496,87308579799914,87308679317386,1209988747,0
1763637709175,1331,7157988,87308616730806,87308679354587,910876939,0
1763637709175,1327,319222,87308675886189,87308679362395,804822017,0
1763637709175,1338,1431170,87308657983951,87308679375319,959364201,0
1763637709276,1334,10648226,87308691343241,87308779590498,1265589746,0
1763637709276,1336,12455704,87308692723316,87308779607177,989082355,0
1763637709276,1329,11468458,87308725541563,87308779607614,1738140731,0
1763637709276,1339,1448082,87308764647416,87308778509377,1086505517,0
1763637709276,1337,10398774,87308687291168,87308779634875,883220006,0
1763637709276,1335,23573206,87308724334903,87308779685245,3480738346,0
1763637709276,1330,1033754,87308772625239,87308779688071,892725288,0
1763637709276,1333,6779590,87308728879181,87308779500672,836762266,0
1763637709276,1340,10339582,87308687126409,87308778761165,922706547,0
1763637709276,1328,5079934,87308747100569,87308779500232,803776305,0
1763637709276,1341,11777102,87308724520133,87308779770982,1738335128,0
1763637709276,1342,48873558,87308722670962,87308779570318,6872093682,0
1763637709276,1332,8174830,87308679827993,87308777814713,1015418250,0
1763637709276,1331,7158004,87308716771579,87308779812483,913989184,0
1763637709276,1327,600376,87308775919025,87308779753676,782637037,0
1763637709276,1338,1959670,87308758025625,87308779905987,975758325,0
1763637709376,1334,14844508,87308792892766,87308880197920,1115343186,0
1763637709376,1336,10880750,87308794423492,87308879238219,1067919142,0
1763637709376,1329,11588948,87308825554166,87308880206145,1727415308,0
1763637709376,1339,1437520,87308864647506,87308880249004,960133183,0
1763637709376,1337,8675856,87308787337434,87308879500391,882386793,0
1763637709376,1335,23945270,87308824367277,87308880287616,3441842018,0
1763637709376,1330,433378,87308872625331,87308879499500,840242761,0
1763637709376,1333,3230192,87308828983902,87308880263303,844793469,0
1763637709376,1340,12388024,87308788074589,87308880304316,913521425,0
1763637709376,1328,2120350,87308847118818,87308880263751,807448141,0
1763637709376,1341,11870102,87308824528021,87308880389917,1726623207,0
1763637709376,1342,49550038,87308822682661,87308880189381,6872163249,0
1763637709376,1332,54964,87308880307203,87308880464477,879073994,0
1763637709376,1331,8487718,87308816822038,87308879580829,914909612,0
1763637709376,1327,617288,87308875927724,87308879694105,911233051,0
1763637709376,1338,3794638,87308858033500,87308880527331,1073494965,0
1763637709477,1334,14694406,87308892897188,87308980223568,1236320143,0
1763637709477,1336,11684070,87308894459310,87308980620940,1062439400,0
1763637709477,1329,12352094,87308925565168,87308980677028,1726040540,0
1763637709477,1339,2631922,87308966935502,87308980773332,949293264,0
1763637709477,1337,10675700,87308887393433,87308980145911,819472124,0
1763637709477,1335,24114390,87308924380131,87308980748631,3455192805,0
1763637709477,1330,818110,87308973285383,87308980147271,864511216,0
1763637709477,1333,3481766,87308929055029,87308980730502,669896615,0
1763637709477,1340,11081588,87308888102119,87308980791173,983254808,0
1763637709477,1328,2458590,87308947166177,87308980872095,650353349,0
1763637709477,1341,12607896,87308924573014,87308980773483,1726534173,0
1763637709477,1342,49941136,87308922682698,87308980688419,6856954838,0
1763637709477,1332,9236074,87308880307203,87308979145903,879073994,0
1763637709477,1331,7470860,87308918470684,87308981288411,970395824,0
1763637709477,1327,488326,87308975985069,87308982400408,923810439,0
1763637709477,1338,3477522,87308958078880,87308982264298,1213174519,0
1763637709581,1334,13191360,87308993034431,87309084068664,1271757454,0
1763637709581,1336,12419742,87308994500859,87309083496437,1090267261,0
1763637709581,1329,12531792,87309025565216,87309085079143,1760201439,0
1763637709581,1339,2297910,87309066973639,87309083494665,1069214921,0
1763637709581,1337,10508718,87308987481441,87309085083566,874322308,0
1763637709581,1335,25771766,87309024383568,87309085081997,3478266471,0
1763637709581,1330,1291646,87309073286932,87309085149281,867647983,0
1763637709581,1333,6380052,87309031418544,87309084335146,608957889,0
1763637709581,1340,11787664,87308988139508,87309085151939,960422526,0
1763637709581,1328,2881390,87309048301428,87309084378645,667396025,0
1763637709581,1341,12796034,87309024601332,87309085198780,1759096045,0
1763637709581,1342,53553954,87309022683104,87309085028418,6861177002,0
1763637709581,1332,674358,87309081093745,87309085162947,766100244,0
1763637709581,1331,7320838,87309018772428,87309085320495,982516403,0
1763637709581,1327,1202874,87309076034782,87309085162504,816795912,0
1763637709581,1338,4663484,87309058079282,87309085329347,1105911732,0
1763637709682,1334,13578214,87309093034766,87309185527900,1224076756,0
1763637709682,1336,10593246,87309094509619,87309185507738,1084240964,0
1763637709682,1329,12730508,87309125597655,87309185515732,1737514343,0
1763637709682,1339,3029354,87309167187680,87309185583640,973465005,0
1763637709682,1337,7978252,87309087526281,87309183802607,868309347,0
1763637709682,1335,26042358,87309124389367,87309185632726,3449175510,0
1763637709682,1330,2226034,87309173308654,87309185251610,853488671,0
1763637709682,1333,6210932,87309131440654,87309185312180,671811247,0
1763637709682,1340,7997254,87309088140110,87309183893903,965582741,0
1763637709682,1328,4321016,87309148638816,87309185311296,645518607,0
1763637709682,1341,12952470,87309124668936,87309185684695,1738604226,0
1763637709682,1342,53845686,87309122773025,87309185521264,6852360729,0
1763637709682,1332,344574,87309181632011,87309185811291,875078341,0
1763637709682,1331,11548774,87309118792469,87309185749007,977298474,0
1763637709682,1327,695498,87309176319850,87309185818101,910521681,0
1763637709682,1338,3443698,87309158137963,87309185823999,1191432321,0
1763637709782,1334,11295094,87309193188261,87309285974852,1198744932,0
1763637709782,1336,8570156,87309194648516,87309285729021,1010186112,0
1763637709782,1329,13106800,87309225814665,87309286046537,1723411047,0
1763637709782,1339,2006178,87309267852472,87309286104172,933284818,0
1763637709782,1337,10128182,87309189684268,87309285508719,756972937,0
1763637709782,1335,26346774,87309224389444,87309286146851,3441492672,0
1763637709782,1330,1507274,87309273345942,87309286153810,953103506,0
1763637709782,1333,4828376,87309231460886,87309286179861,867088954,0
1763637709782,1340,9929450,87309189686095,87309285509160,806472351,0
1763637709782,1328,2843322,87309248763701,87309286209196,826615023,0
1763637709782,1341,13373164,87309224668937,87309286177929,1723949704,0
1763637709782,1342,53439798,87309222845373,87309286053747,6843990527,0
1763637709782,1332,501010,87309281744125,87309285256225,998641855,0
1763637709782,1331,6891640,87309218828773,87309286279179,1159304802,0
1763637709782,1327,1059106,87309276488481,87309285256681,968098357,0
1763637709782,1338,4788234,87309258179693,87309286413380,1042767126,0
1763637709883,1334,8606102,87309293298380,87309386633925,1093757414,0
1763637709883,1336,15527322,87309294659320,87309386304375,904088908,0
1763637709883,1329,13034924,87309325869326,87309386713617,1730253566,0
1763637709883,1339,3080090,87309367949045,87309386342040,1109185246,0
1763637709883,1337,10897662,87309289732336,87309385731001,801168173,0
1763637709883,1335,26786486,87309324439705,87309386802764,3435437794,0
1763637709883,1330,1627780,87309374019241,87309386830452,929869568,0
1763637709883,1333,9291022,87309331928732,87309386795512,899320402,0
1763637709883,1340,10948398,87309289730936,87309385730436,817816753,0
1763637709883,1328,3012442,87309350912315,87309385465451,825393063,0
1763637709883,1341,13324534,87309324675802,87309386878350,1729754878,0
1763637709883,1342,54522166,87309322854457,87309386711050,6798676685,0
1763637709883,1332,365714,87309382814953,87309386785290,740608195,0
1763637709883,1331,7796432,87309318902497,87309388676060,1000197158,0
1763637709883,1327,748356,87309376695117,87309386784402,740665556,0
1763637709883,1338,3678360,87309358219436,87309387967516,1027359273,0
1763637709987,1334,10381862,87309393310761,87309489968431,919911241,0
1763637709987,1336,15605548,87309394714805,87309491028225,1131867893,0
1763637709987,1329,14051750,87309425906070,87309490957304,1723856611,0
1763637709987,1339,2839110,87309467978844,87309489907378,1220472997,0
1763637709987,1337,221978,87309490051170,87309491134149,885037846,0
1763637709987,1335,28591842,87309424441310,87309491149092,3441362272,0
1763637709987,1330,1902600,87309474567451,87309490377734,919994580,0
1763637709987,1333,5758536,87309432814108,87309491152351,1068068641,0
1763637709987,1340,236768,87309490050227,87309491166736,880726497,0
1763637709987,1328,4591608,87309450924235,87309490368140,892601886,0
1763637709987,1341,14356166,87309424716215,87309491230788,1723152824,0
1763637709987,1342,58175158,87309422861188,87309491027744,6792333639,0
1763637709987,1332,999930,87309484955354,87309491277964,596397825,0
1763637709987,1331,8012060,87309419014305,87309491347253,953594494,0
1763637709987,1327,1879338,87309477066671,87309491027228,645483404,0
1763637709987,1338,5202546,87309459161136,87309491372859,959928748,0
1763637710089,1334,11872208,87309493996799,87309592857252,878363741,0
1763637710089,1336,10918818,87309494716919,87309591804292,1227094289,0
1763637710089,1329,14335026,87309525922367,87309593100091,1721763378,0
1763637710089,1339,2198560,87309569657930,87309591808311,1036782976,0
1763637710089,1337,240996,87309590227945,87309591445811,895636005,0
1763637710089,1335,29627702,87309524473828,87309593170515,3426209092,0
1763637710089,1330,2240840,87309574973382,87309593182450,913848487,0
1763637710089,1333,6720414,87309532856440,87309593190505,936031507,0
1763637710089,1340,236768,87309590228905,87309591445367,894484633,0
1763637710089,1328,6857800,87309551601672,87309592855481,885742562,0
1763637710089,1341,14590828,87309524717614,87309593194297,1722807643,0
1763637710089,1342,60339894,87309522869092,87309593056003,6799945144,0
1763637710089,1332,1355066,87309585854219,87309593277426,751509621,0
1763637710089,1331,8500386,87309519384307,87309593350613,924155612,0
1763637710089,1327,2724954,87309577144490,87309592883445,866968829,0
1763637710089,1338,3395084,87309559440551,87309593430620,1050925104,0
1763637710190,1334,7420140,87309594094673,87309693593871,913690649,0
1763637710190,1336,12688228,87309594736758,87309692136634,1062640768,0
1763637710190,1329,14383656,87309626159590,87309693621351,1713760065,0
1763637710190,1339,2536800,87309671201721,87309693419437,906616820,0
1763637710190,1337,397432,87309690234042,87309693675537,880824322,0
1763637710190,1335,29458582,87309624500855,87309693653469,3426841694,0
1763637710190,1330,2147840,87309674995506,87309693674203,929510728,0
1763637710190,1333,10324776,87309632910117,87309693666470,990147169,0
1763637710190,1340,408010,87309690233126,87309693674645,876028297,0
1763637710190,1328,2710148,87309653156583,87309693719162,898997957,0
1763637710190,1341,14707106,87309624723658,87309693776426,1713378888,0
1763637710190,1342,60475190,87309622949109,87309693570731,6817520832,0
1763637710190,1332,1304330,87309686826909,87309693773140,844729144,0
1763637710190,1331,8263634,87309619396046,87309693856232,928625118,0
1763637710190,1327,1940636,87309679027445,87309693028711,943419839,0
1763637710190,1338,5817712,87309660291519,87309693865191,1037345710,0
1763637710290,1334,8234022,87309694133754,87309794122200,755732676,0
1763637710290,1336,14472444,87309694784530,87309794150741,1043002183,0
1763637710290,1329,15717582,87309726197831,87309794146509,1718555159,0
1763637710290,1339,1574922,87309771202716,87309794026694,846508497,0
1763637710290,1337,737778,87309790243849,87309794235211,823685373,0
1763637710290,1335,32198326,87309724558521,87309794233191,3430689766,0
1763637710290,1330,3244982,87309775149426,87309793392611,925912910,0
1763637710290,1333,9823750,87309732948548,87309794019055,1187184879,0
1763637710290,1340,357258,87309791447257,87309792660726,792748963,0
1763637710290,1328,3828462,87309754419094,87309792790988,718721455,0
1763637710290,1341,16000858,87309724771009,87309794347201,1718201909,0
1763637710290,1342,61447630,87309722949262,87309794150557,6822611512,0
1763637710290,1332,587692,87309786880500,87309794026251,938242347,0
1763637710290,1331,6149618,87309719402525,87309793299916,915750110,0
1763637710290,1327,2612904,87309779055842,87309794474634,962356830,0
1763637710290,1338,4471102,87309761175652,87309794018602,1215626933,0
1763637710392,1334,293854,87309894254404,87309894876867,895636470,0
1763637710392,1336,95122,87309895449116,87309896055608,1143306566,0
1763637710392,1329,15053786,87309826231102,87309896055453,1766811793,0
1763637710392,1339,3177334,87309871221533,87309896053817,804548100,0
1763637710392,1337,477764,87309890263015,87309895775202,1001873521,0
1763637710392,1335,31318902,87309824607592,87309896176087,3538240449,0
1763637710392,1330,2278892,87309875321501,87309896084783,1090157997,0
1763637710392,1333,5680326,87309833056566,87309896197180,1088157340,0
1763637710392,1340,892108,87309891447684,87309895620685,694108650,0
1763637710392,1328,4422488,87309854458418,87309896249796,897119979,0
1763637710392,1341,15366658,87309824829352,87309896220306,1767590914,0
1763637710392,1342,63045814,87309823027794,87309896062462,6856956617,0
1763637710392,1332,8637804,87309786880500,87309883394572,938242347,0
1763637710392,1331,5671870,87309820262454,87309896331632,789122799,0
1763637710392,1327,2896180,87309879345510,87309895791688,1043986460,0
1763637710392,1338,5942446,87309861205825,87309896253682,1080868491,0
1763637710493,1334,522150,87309994892371,87309996410113,1074133430,0
1763637710493,1336,503132,87309995491829,87309996601071,890983927,0
1763637710493,1329,15411060,87309926269794,87309996593196,1744654182,0
1763637710493,1339,3033582,87309971274414,87309996674374,901506290,0
1763637710493,1337,858284,87309990309884,87309996718337,895731804,0
1763637710493,1335,31693088,87309924607886,87309996678422,3514348613,0
1763637710493,1330,1908934,87309975418513,87309996716110,1056593887,0
1763637710493,1333,5208896,87309933196562,87309996677939,862086431,0
1763637710493,1340,923810,87309991475558,87309995722033,741248047,0
1763637710493,1328,3809428,87309955234573,87309995428825,771272996,0
1763637710493,1341,15745072,87309924829496,87309996760701,1744868377,0
1763637710493,1342,63586998,87309923114823,87309996603559,6867415675,0
1763637710493,1332,12963048,87309903086847,87309996878363,766520075,0
1763637710493,1331,8868222,87309920876512,87309996886250,766036168,0
1763637710493,1327,2727060,87309979358865,87309996798683,1081959646,0
1763637710493,1338,5536558,87309961919072,87309994766391,1242013611,0
1763637710599,1334,665918,87310094898389,87310101515259,837659105,0
1763637710599,1336,1541098,87310095549129,87310101730992,1222576214,0
1763637710599,1329,16774582,87310026288158,87310102730736,1749138153,0
1763637710599,1339,2798936,87310071530603,87310102799024,1043606240,0
1763637710599,1337,828688,87310090483800,87310101650897,846971473,0
1763637710599,1335,33889526,87310024614261,87310102796658,3505172071,0
1763637710599,1330,3185790,87310075432462,87310101648254,1064078607,0
1763637710599,1333,4572574,87310034297514,87310101516147,772291673,0
1763637710599,1340,1727130,87310092591093,87310102731454,779895101,0
1763637710599,1328,8318582,87310055827818,87310102884712,888911881,0
1763637710599,1341,17133962,87310024961973,87310102928486,1747401538,0
1763637710599,1342,68523196,87310023115086,87310102725123,6873007352,0
1763637710599,1332,150086,87310104804535,87310105362376,728013939,0
1763637710599,1331,10673578,87310021124456,87310106229235,805109772,0
1763637710599,1327,1061228,87310081305388,87310105063731,900713916,0
1763637710599,1338,7261582,87310061920770,87310105301969,1268048938,0
1763637710703,1334,2162614,87310194999188,87310206789558,886060268,0
1763637710703,1336,752584,87310196864090,87310206888079,1556751946,0
1763637710703,1329,17508148,87310126296001,87310207265232,1750880187,0
1763637710703,1339,4745922,87310179141557,87310207307689,878396260,0
1763637710703,1337,2894058,87310190558621,87310207343040,845293655,0
1763637710703,1335,35986614,87310124694343,87310207338473,3484340971,0
1763637710703,1330,1744042,87310175518021,87310205760688,995538897,0
1763637710703,1333,11064676,87310134297537,87310206654289,684219447,0
1763637710703,1340,849828,87310192629899,87310205757634,831771536,0
1763637710703,1328,4709992,87310155871395,87310207428343,1092748633,0
1763637710703,1341,17856950,87310125040490,87310207445346,1749900003,0
1763637710703,1342,72685654,87310123116565,87310207239721,6863416431,0
1763637710703,1332,488326,87310204805970,87310207069824,609565685,0
1763637710703,1331,11018168,87310123960500,87310206876136,898225139,0
1763637710703,1327,1769426,87310181343743,87310206887640,722198293,0
1763637710703,1338,3272472,87310161942085,87310207572509,1205697336,0
1763637710804,1334,911126,87310296818523,87310307479900,919067342,0
1763637710804,1336,1693306,87310297295652,87310307779723,1281282818,0
1763637710804,1329,17907686,87310226330559,87310307899200,1740190053,0
1763637710804,1339,4058880,87310280255872,87310307922482,913202310,0
1763637710804,1337,1978704,87310290571498,87310307967653,994959450,0
1763637710804,1335,36324854,87310224732947,87310307879409,3475995879,0
1763637710804,1330,3800972,87310277209918,87310307923360,792048077,0
1763637710804,1333,10832120,87310234843247,87310307918607,867237329,0
1763637710804,1340,1892038,87310293670194,87310307876836,750224538,0
1763637710804,1328,5054582,87310255899713,87310309641143,977170083,0
1763637710804,1341,18579938,87310225109333,87310309648810,1740924718,0
1763637710804,1342,74148542,87310223116850,87310309591971,6863819713,0
1763637710804,1332,446062,87310305474480,87310309703163,840692393,0
1763637710804,1331,11007590,87310224843453,87310309720127,993774342,0
1763637710804,1327,2610782,87310282091374,87310309595556,685834285,0
1763637710804,1338,6952938,87310262504928,87310309789907,1002596952,0
1763637710908,1334,2691114,87310396837324,87310412074477,934671540,0
1763637710908,1336,1820146,87310398461775,87310411933277,1210777639,0
1763637710908,1329,18100068,87310326401163,87310412058712,1746025544,0
1763637710908,1339,2143596,87310380304654,87310412101524,962361475,0
1763637710908,1337,1122526,87310390638682,87310412091144,909095265,0
1763637710908,1335,36933686,87310324775343,87310412076739,3479871934,0
1763637710908,1330,5477366,87310377219279,87310412092040,863851045,0
1763637710908,1333,7352492,87310334849541,87310412155153,1034717551,0
1763637710908,1340,2860234,87310393687313,87310412199631,867759372,0
1763637710908,1328,8644154,87310356721856,87310411530914,861221834,0
1763637710908,1341,18368538,87310325182060,87310412130771,1745698306,0
1763637710908,1342,74816566,87310323172442,87310412052159,6845221608,0
1763637710908,1332,634200,87310405824380,87310412295769,770552823,0
1763637710908,1331,7477210,87310324844343,87310412316323,999845574,0
1763637710908,1327,5325158,87310382254635,87310411353015,774061491,0
1763637710908,1338,4194176,87310363293877,87310412354651,1017859314,0
1763637711009,1334,1285296,87310496989102,87310511687151,987689587,0
1763637711009,1336,1746164,87310498462147,87310512576820,1049664766,0
1763637711009,1329,18100068,87310426446214,87310512565922,1720260518,0
1763637711009,1339,3815762,87310480576099,87310511101239,853587458,0
1763637711009,1337,2841216,87310491881167,87310512674781,697346493,0
1763637711009,1335,36730742,87310424794825,87310512658199,3441628123,0
1763637711009,1330,3145632,87310477229360,87310510471742,1051011432,0
1763637711009,1333,7172794,87310435991821,87310511688035,866409953,0
1763637711009,1340,1128876,87310493687875,87310510583065,1035604624,0
1763637711009,1328,10504458,87310456984723,87310512710930,1058003867,0
1763637711009,1341,18404484,87310425182394,87310512754944,1720814000,0
1763637711009,1342,74884214,87310423179342,87310512566725,6775014368,0
1763637711009,1332,909020,87310506047823,87310512789030,759210162,0
1763637711009,1331,8012044,87310425012346,87310512039232,827381207,0
1763637711009,1327,3545186,87310482961995,87310511101689,1044064829,0
1763637711009,1338,4411910,87310463314572,87310512903554,844310090,0
1763637711112,1334,3052616,87310597036326,87310616031904,978229087,0
1763637711112,1336,963968,87310600117023,87310616121518,1047640477,0
1763637711112,1329,19224716,87310526519528,87310616180736,1701984022,0
1763637711112,1339,5811378,87310581165736,87310616122858,838960799,0
1763637711112,1337,1815918,87310593574950,87310615304741,832616143,0
1763637711112,1335,38996950,87310524828273,87310616212336,3396570994,0
1763637711112,1330,5619012,87310577272093,87310616155567,841963124,0
1763637711112,1333,7090356,87310535999243,87310615351184,807946443,0
1763637711112,1340,3023020,87310593702689,87310616264456,918557344,0
1763637711112,1328,8603980,87310557033242,87310616253009,1262964862,0
1763637711112,1341,19573518,87310525207655,87310616323018,1701059282,0
1763637711112,1342,77522486,87310523233988,87310616141651,6722084330,0
1763637711112,1332,693392,87310606368064,87310616424597,855001068,0
1763637711112,1331,9783592,87310525232953,87310615304298,798519484,0
1763637711112,1327,4661362,87310583087077,87310614502627,920235054,0
1763637711112,1338,4122300,87310563315771,87310615281393,764280062,0
1763637711213,1334,2249280,87310697062532,87310714695336,992875887,0
1763637711213,1336,1889916,87310700126850,87310716757983,918929971,0
1763637711213,1329,17808336,87310626561462,87310716718031,1707817749,0
1763637711213,1339,4029268,87310681179188,87310715934799,960507380,0
1763637711213,1337,3299946,87310693604479,87310716782249,735934728,0
1763637711213,1335,35885142,87310624874437,87310716823458,3404933160,0
1763637711213,1330,3143526,87310677402486,87310715243472,901078828,0
1763637711213,1333,9392494,87310635999794,87310716735946,765465549,0
1763637711213,1340,1585500,87310695593337,87310716271900,887013943,0
1763637711213,1328,6919130,87310657126274,87310714695778,1192945850,0
1763637711213,1341,18102190,87310625219049,87310716906279,1709307391,0
1763637711213,1342,76879830,87310623254779,87310716698867,6681868531,0
1763637711213,1332,1348732,87310707110085,87310718662988,876312892,0
1763637711213,1331,11559352,87310625625390,87310716272782,832283038,0
1763637711213,1327,3980670,87310683715389,87310718161924,928763766,0
1763637711213,1338,6610470,87310663608412,87310718763023,745446208,0
1763637711315,1334,2608676,87310797107009,87310819579095,878225335,0
1763637711315,1336,1401574,87310800648502,87310820520257,926505777,0
1763637711315,1329,20093562,87310726611232,87310820643033,1647532288,0
1763637711315,1339,6242634,87310781279534,87310820633515,952047543,0
1763637711315,1337,3701606,87310793631338,87310820633101,876374650,0
1763637711315,1335,40891094,87310724958820,87310820718623,3275984238,0
1763637711315,1330,2627694,87310777536481,87310819214884,745343671,0
1763637711315,1333,11244374,87310736111229,87310820689786,882854903,0
1763637711315,1340,3769270,87310795593904,87310820746138,873915571,0
1763637711315,1328,7489894,87310757187718,87310819578651,974477863,0
1763637711315,1341,20343014,87310725238052,87310820719610,1649113364,0
1763637711315,1342,80866834,87310723255057,87310820602418,6612551570,0
1763637711315,1332,1029510,87310807128088,87310820521134,887511628,0
1763637711315,1331,6081970,87310726725003,87310820879313,887956658,0
1763637711315,1327,5213124,87310784181452,87310820811931,937741170,0
1763637711315,1338,6923342,87310763640622,87310820810003,928779678,0
1763637711422,1334,3154088,87310897157018,87310924710013,876914527,0
1763637711422,1336,3773482,87310901860972,87310925406952,673708141,0
1763637711422,1329,20459292,87310826663139,87310925413853,1673998413,0
1763637711422,1339,6667556,87310882188295,87310925411426,890993805,0
1763637711422,1337,4686746,87310893754845,87310925416562,1022198110,0
1763637711422,1335,217734,87310924968025,87310925426589,3304303925,0
1763637711422,1330,2693220,87310877961205,87310923784509,598502598,0
1763637711422,1333,11462108,87310836112545,87310925461928,960873015,0
1763637711422,1340,4509154,87310895687083,87310925507941,1030439105,0
1763637711422,1328,7322896,87310857678508,87310924808536,963679329,0
1763637711422,1341,61298,87310925262221,87310925494513,1664367632,0
1763637711422,1342,1756726,87310923318951,87310925355365,6684504524,0
1763637711422,1332,1006264,87310907189076,87310924097614,999399258,0
1763637711422,1331,5456226,87310827200675,87310925584676,698813827,0
1763637711422,1327,3259788,87310884510301,87310923986481,1151646164,0
1763637711422,1338,8183286,87310863951388,87310925641061,939830730,0
1763637711525,1334,1980826,87310997194388,87311028084431,741829413,0
1763637711525,1336,3794622,87311002016737,87311029213080,898218780,0
1763637711525,1329,498904,87311026664731,87311029209230,1654378647,0
1763637711525,1339,4731116,87310982189529,87311028885332,982277798,0
1763637711525,1337,4352718,87310993818820,87311028406533,1115232320,0
1763637711525,1335,1722902,87311025025743,87311029276468,3293021845,0
1763637711525,1330,3500784,87310977970687,87311029246418,529739364,0
1763637711525,1333,15611882,87310937665534,87311029306408,1001021007,0
1763637711525,1340,5079934,87310995857411,87311028405648,1096932013,0
1763637711525,1328,4359052,87310959087910,87311028083547,852652067,0
1763637711525,1341,803320,87311025311171,87311029367325,1654211993,0
1763637711525,1342,4970006,87311023333914,87311029182333,6720087956,0
1763637711525,1332,2228156,87311007189725,87311029463084,981434502,0
1763637711525,1331,167014,87311028743582,87311029484143,538522693,0
1763637711525,1327,6024900,87310984522681,87311028259132,849002302,0
1763637711525,1338,10920908,87310963952988,87311029536057,1065631353,0
1763637711626,1334,3528258,87311097243654,87311129712757,704086725,0
1763637711626,1336,3898216,87311102039866,87311129812685,852874563,0
1763637711626,1329,674358,87311126697702,87311129708643,1625426536,0
1763637711626,1339,4422488,87311083968406,87311127993523,937704722,0
1763637711626,1337,1841286,87311094719795,87311129713198,971026238,0
1763637711626,1335,1993494,87311125064195,87311129838237,3231570555,0
1763637711626,1330,7764714,87311077985175,87311129825178,464741204,100014488
1763637711626,1333,12550810,87311037684952,87311129118217,1175844647,0
1763637711626,1340,1792672,87311095858290,87311129710959,996799185,0
1763637711626,1328,8160024,87311059548840,87311129921000,676990326,0
1763637711626,1341,936494,87311125365284,87311129906128,1626610960,0
1763637711626,1342,6965622,87311123350492,87311131600071,6754057958,0
1763637711626,1332,2579080,87311107223644,87311131655794,1028505558,0
1763637711626,1331,321328,87311128772922,87311131627884,910884134,0
1763637711626,1327,6282808,87311086169281,87311129815369,875808248,0
1763637711626,1338,8250934,87311063991012,87311131385252,1190019461,0
1763637711728,1334,3228086,87311197244022,87311230877054,657472318,0
1763637711728,1336,4029284,87311202177366,87311231320307,888767896,0
1763637711728,1329,1139438,87311226702655,87311231906574,1671292982,0
1763637711728,1339,5633802,87311184344857,87311231832714,933536014,0
1763637711728,1337,4608536,87311194723910,87311231815668,716351779,0
1763637711728,1335,2953250,87311225064487,87311231936298,3251001782,0
1763637711728,1330,6418136,87311178026995,87311231978001,833171826,0
1763637711728,1333,17085348,87311137808481,87311231759803,1138573309,0
1763637711728,1340,4612796,87311195945223,87311233529285,738256597,0
1763637711728,1328,6361018,87311159608043,87311232938871,735353970,0
1763637711728,1341,1792672,87311225390769,87311233623876,1670018186,0
1763637711728,1342,8623014,87311223363959,87311233571589,6646439007,0
1763637711728,1332,3929918,87311215676820,87311233658347,862463512,0
1763637711728,1331,530638,87311228828079,87311233727968,1001145953,0
1763637711728,1327,6363140,87311186837888,87311233694844,957686105,0
1763637711728,1338,9553158,87311164018397,87311233799063,1148134657,0
1763637711833,1334,5707784,87311297322810,87311337113890,752555839,0
1763637711833,1336,5957252,87311302243363,87311336472302,1093967642,0
1763637711833,1329,2365558,87311326737581,87311337100379,1700562330,0
1763637711833,1339,4891780,87311285427170,87311337159949,873496650,0
1763637711833,1337,4811480,87311294879421,87311337165753,831314986,0
1763637711833,1335,5443542,87311325105143,87311337182442,3359797875,0
1763637711833,1330,6688696,87311278063792,87311337165299,883948417,0
1763637711833,1333,10760260,87311238310117,87311336888336,1260395643,0
1763637711833,1340,4693096,87311296045156,87311337162859,839659202,0
1763637711833,1328,6720414,87311259631555,87311336595747,795787527,0
1763637711833,1341,2657290,87311325443795,87311337268972,1699261374,0
1763637711833,1342,11836294,87311323383395,87311337081994,6749601231,0
1763637711833,1332,1809584,87311315696629,87311337327046,996233994,0
1763637711833,1331,1004142,87311328876287,87311337341393,948696625,0
1763637711833,1327,6984672,87311287825144,87311337404920,803226002,0
1763637711833,1338,9174760,87311264052693,87311336028729,1151329270,0
1763637711934,1334,4961550,87311397344904,87311436199508,810989394,0
1763637711934,1336,5172950,87311403712567,87311435418714,1220086016,0
1763637711934,1329,2264086,87311426779489,87311437476481,1698231725,0
1763637711934,1339,4314682,87311385596208,87311437610382,752974901,0
1763637711934,1337,5443542,87311394882827,87311436899695,909304519,0
1763637711934,1335,5139126,87311425116137,87311437638695,3381735517,0
1763637711934,1330,7872536,87311378064435,87311436901628,915761162,0
1763637711934,1333,13130030,87311338310277,87311437449040,1067288082,0
1763637711934,1340,7625222,87311296045156,87311362358510,839659202,0
1763637711934,1328,10033044,87311359653795,87311437406744,765986139,0
1763637711934,1341,2545256,87311425493647,87311437715281,1698612332,0
1763637711934,1342,12174534,87311423391811,87311437536569,6770444438,0
1763637711934,1332,2084388,87311416866500,87311437610823,773353485,0
1763637711934,1331,1498818,87311428995499,87311437878127,1032878717,0
1763637711934,1327,7318668,87311388895270,87311436396423,1018222344,0
1763637711934,1338,8354528,87311364854312,87311437924025,1051391200,0
1763637712034,1334,6703486,87311497419682,87311538138826,1010322898,0
1763637712034,1336,4118072,87311504907885,87311538114457,1263157176,0
1763637712034,1329,2312716,87311526805843,87311538165475,1679529575,0
1763637712034,1339,6650644,87311485799111,87311538180336,664928275,0
1763637712034,1337,3695272,87311495902832,87311538153474,967436395,0
1763637712034,1335,5274422,87311525138113,87311538150861,3357348252,0
1763637712034,1330,5838868,87311479183272,87311537573256,946581454,0
1763637712034,1333,6177108,87311439011779,87311538251566,1055270898,0
1763637712034,1340,10939958,87311443383833,87311537542666,626898869,0
1763637712034,1328,4883340,87311459908717,87311538301095,833142579,0
1763637712034,1341,2576958,87311525607400,87311538240158,1679840208,0
1763637712034,1342,12580422,87311523398909,87311538118009,6799850888,0
1763637712034,1332,2450118,87311516911562,87311538354193,730004752,0
1763637712034,1331,581358,87311529009660,87311538379406,965304514,0
1763637712034,1327,4378102,87311490344345,87311538352863,1134085702,0
1763637712034,1338,12235832,87311464922080,87311538418557,1038120180,0
1763637712135,1334,7014236,87311598514620,87311638693663,1141610090,0
1763637712135,1336,3003986,87311606343659,87311638653299,1061982559,0
1763637712135,1329,2297910,87311626936503,87311638564600,1564258723,0
1763637712135,1339,6373702,87311587503068,87311638726928,886281802,0
1763637712135,1337,4496470,87311596132290,87311638716702,863873899,0
1763637712135,1335,5274422,87311625184507,87311638726161,3347452552,0
1763637712135,1330,6836676,87311579236480,87311637980125,899922604,0
1763637712135,1333,10906134,87311539813719,87311638754476,773340958,0
1763637712135,1340,11331040,87311543410023,87311637979687,776717544,0
1763637712135,1328,6496314,87311560365727,87311636963032,660848040,0
1763637712135,1341,2555818,87311625608539,87311638729465,1566789584,0
1763637712135,1342,13121606,87311623412959,87311638657634,6819727841,0
1763637712135,1332,1982932,87311618254154,87311637857932,859966309,0
1763637712135,1331,1037982,87311629113972,87311638951356,892087806,0
1763637712135,1327,7394772,87311590402234,87311638956294,933482882,0
1763637712135,1338,8623014,87311564922605,87311640087235,1188179537,0
1763637712239,1334,4843166,87311698547529,87311743066100,1215531671,0
1763637712239,1336,4887568,87311706843308,87311742642799,973312824,0
1763637712239,1329,3166772,87311727010349,87311743089612,1586630709,0
1763637712239,1339,6451912,87311689762663,87311742640120,855358375,0
1763637712239,1337,4684624,87311696155865,87311741926195,853199796,0
1763637712239,1335,7081900,87311725206465,87311743156752,3261752617,0
1763637712239,1330,6625260,87311679287957,87311743158083,894349664,0
1763637712239,1333,403766,87311739898805,87311742280744,959812201,0
1763637712239,1340,10438932,87311643427142,87311743158529,862320994,0
1763637712239,1328,8819608,87311661967434,87311743146940,643940248,0
1763637712239,1341,3530380,87311725609415,87311743220151,1586115520,0
1763637712239,1342,16808422,87311723428672,87311743037258,6806612749,0
1763637712239,1332,3384506,87311719109670,87311743267701,817252959,0
1763637712239,1331,1467116,87311729203184,87311741924858,869987774,0
1763637712239,1327,4714220,87311692182605,87311743339125,1084032175,0
1763637712239,1338,8728714,87311665248678,87311743391148,996888909,0
1763637712340,1334,5868464,87311798813200,87311841376897,1127275887,0
1763637712340,1336,3813640,87311808175631,87311843058467,834135350,0
1763637712340,1329,3424680,87311827076556,87311843566028,1609455492,0
1763637712340,1339,5397034,87311790612816,87311842221631,793839464,0
1763637712340,1337,5158160,87311796750225,87311843604322,837570771,0
1763637712340,1335,7642102,87311825255499,87311843638120,3273917059,0
1763637712340,1330,6900080,87311780459440,87311843338614,860231463,0
1763637712340,1333,763146,87311840316637,87311843628959,949872112,0
1763637712340,1340,10741242,87311743451438,87311843337737,850053202,0
1763637712340,1328,11994836,87311761968620,87311843665169,756434251,0
1763637712340,1341,3726990,87311825611524,87311843675207,1610904831,0
1763637712340,1342,17451078,87311823441083,87311843531048,6808284102,0
1763637712340,1332,2319066,87311819143635,87311843746634,1044639897,0
1763637712340,1331,1532642,87311829219923,87311843834206,873110470,0
1763637712340,1327,7181250,87311792190151,87311843820320,1052550842,0
1763637712340,1338,4259718,87311765277923,87311842979450,943945367,0
1763637712443,1334,3173106,87311899436258,87311947073904,868353946,0
1763637712443,1336,5876920,87311908193451,87311947043170,874370903,0
1763637712443,1329,4154002,87311927093394,87311947066151,1635728382,0
1763637712443,1339,5974164,87311890620939,87311947147963,895360123,0
1763637712443,1337,5428752,87311896819557,87311947112704,857094536,0
1763637712443,1335,9143042,87311925407030,87311947208877,3298581455,0
1763637712443,1330,7168566,87311880506435,87311947163994,863619926,0
1763637712443,1333,1310680,87311940331132,87311947203694,1324894214,0
1763637712443,1340,188138,87311944705085,87311947222657,863978980,0
1763637712443,1328,9732840,87311861969977,87311945902418,894534119,0
1763637712443,1341,4483786,87311925705641,87311947294298,1634459778,0
1763637712443,1342,20345136,87311923441488,87311947087422,6843944679,0
1763637712443,1332,3466960,87311919368146,87311947309661,989732954,0
1763637712443,1331,1985038,87311929248369,87311947036295,870816744,0
1763637712443,1327,4792430,87311893728210,87311945192796,970070156,0
1763637712443,1338,8868238,87311868252569,87311947447324,723252246,0
1763637712544,1334,4052530,87312000884585,87312046435080,712492218,0
1763637712544,1336,5022864,87312009305635,87312046581461,1078376072,0
1763637712544,1329,5012302,87312027141503,87312047614269,1647759256,0
1763637712544,1339,4282948,87311990771783,87312047657387,799595937,0
1763637712544,1337,5891726,87311997649331,87312047695834,852564245,0
1763637712544,1335,10722208,87312025407141,87312047698334,3317403675,0
1763637712544,1330,7565998,87311981623578,87312046820805,862817235,0
1763637712544,1333,1329698,87312041315394,87312047608903,1362143620,0
1763637712544,1340,238874,87312045830363,87312046773534,876173900,0
1763637712544,1328,12850998,87311963354794,87312047364781,938105130,0
1763637712544,1341,5375894,87312025708320,87312047713302,1647079497,0
1763637712544,1342,20624184,87312023441797,87312047585578,6825670942,0
1763637712544,1332,4025040,87312019516921,87312047369156,847127360,0
1763637712544,1331,2676324,87312029373660,87312047893736,863337415,0
1763637712544,1327,8134672,87311993759675,87312046154162,962394876,0
1763637712544,1338,6350456,87311968320807,87312047926609,768674201,0
1763637712644,1334,3672010,87312100895536,87312148016623,741543515,0
1763637712644,1336,4384436,87312111139713,87312147672584,913685068,0
1763637712644,1329,5168722,87312127237440,87312148081202,1787869285,0
1763637712644,1339,8510948,87312090974394,87312148073964,861068343,0
1763637712644,1337,6754238,87312099031044,87312148123982,908711374,0
1763637712644,1335,11092150,87312125418812,87312148148672,3579765710,0
1763637712644,1330,8185408,87312081637189,87312148187112,908600306,0
1763637712644,1333,1355082,87312141348512,87312146472303,1300775616,0
1763637712644,1340,304416,87312145851608,87312148186222,933080268,0
1763637712644,1328,14144766,87312063366003,87312148015735,1107409011,0
1763637712644,1341,5538680,87312125768655,87312148266069,1787364704,0
1763637712644,1342,20732006,87312123454114,87312148067803,6795917736,0
1763637712644,1332,2211244,87312119823195,87312147672131,1036184581,0
1763637712644,1331,2841216,87312129384004,87312148353045,949544818,0
1763637712644,1327,7198162,87312093773351,87312147744337,941056707,0
1763637712644,1338,10064762,87312069569913,87312148014848,719239415,0
1763637712745,1334,7809100,87312200930646,87312246699170,787675302,0
1763637712745,1336,6699258,87312211930113,87312247671765,884213235,0
1763637712745,1329,5297684,87312227280326,87312248577881,1877706262,0
1763637712745,1339,5821940,87312191139480,87312248648446,1066812165,0
1763637712745,1337,6265912,87312199059584,87312248674150,986848113,0
1763637712745,1335,11328918,87312225460788,87312248682257,3749499326,0
1763637712745,1330,8601858,87312181660381,87312248718051,954610201,0
1763637712745,1333,1116192,87312242554808,87312248719717,1125298657,0
1763637712745,1340,369942,87312245890182,87312248723274,980044374,0
1763637712745,1328,13206150,87312163459425,87312248338264,1228708303,0
1763637712745,1341,5692994,87312225799039,87312248752605,1876055947,0
1763637712745,1342,21307014,87312223461305,87312248605629,6762528441,0
1763637712745,1332,4299876,87312219859431,87312248834339,901686571,0
1763637712745,1331,2511432,87312229421427,87312248898899,998595018,0
1763637712745,1327,4822042,87312193789679,87312247670878,1017034959,0
1763637712745,1338,9988658,87312169596684,87312248933477,855684985,0
1763637712845,1334,3447926,87312300945949,87312349122830,905008546,0
1763637712845,1336,4917164,87312312008164,87312349130903,1001626226,0
1763637712845,1329,5274422,87312327320002,87312349126345,1903046817,0
1763637712845,1339,7819678,87312292824867,87312349173472,949281217,0
1763637712845,1337,6194052,87312299089987,87312349050371,996658977,0
1763637712845,1335,11633334,87312325471502,87312349221255,3780866081,0
1763637712845,1330,8472960,87312281701670,87312349182748,988852287,0
1763637712845,1333,1247260,87312342554828,87312348086003,1185602403,0
1763637712845,1340,435484,87312345900882,87312349264038,994538683,0
1763637712845,1328,16085418,87312264464982,87312349056578,1235375507,0
1763637712845,1341,5616890,87312325824614,87312349278941,1903625341,0
1763637712845,1342,21679078,87312323477658,87312349118071,6753642015,0
1763637712845,1332,4272402,87312319912623,87312349353294,930719709,0
1763637712845,1331,2498764,87312329425734,87312349400830,1009260424,0
1763637712845,1327,6073514,87312294032730,87312349347013,965890789,0
1763637712845,1338,7079794,87312269679858,87312349384803,972210120,0
1763637712946,1334,13009556,87312402100578,87312449679607,813466577,0
1763637712946,1336,2591748,87312412157480,87312437917771,911669239,0
1763637712946,1329,5967814,87312427389851,87312449709795,1914158537,0
1763637712946,1339,9176882,87312392850139,87312448743936,1048234929,0
1763637712946,1337,5029198,87312399112414,87312449634693,1001690039,0
1763637712946,1335,12929224,87312425471708,87312449761161,3832856479,0
1763637712946,1330,7424400,87312381826903,87312449802817,999634575,0
1763637712946,1333,410116,87312442570202,87312448787813,1059585518,0
1763637712946,1340,488326,87312445930605,87312449810206,957646903,0
1763637712946,1328,14066556,87312364903665,87312448839044,1368836909,0
1763637712946,1341,6396964,87312425862582,87312449887646,1912218743,0
1763637712946,1342,22287910,87312423479047,87312449687006,6729409320,0
1763637712946,1332,4650800,87312420912887,87312449957366,870828497,0
1763637712946,1331,1524202,87312429480322,87312451605347,1013913964,0
1763637712946,1327,9912538,87312394114584,87312450730739,991242293,0
1763637712946,1338,5115880,87312389709581,87312429785005,808128697,0
1763637713052,1334,10238110,87312502590781,87312554981214,1491647406,0
1763637713052,1336,4644450,87312513151443,87312556077233,794513160,0
1763637713052,1329,6965622,87312527476514,87312556145761,1943884873,0
1763637713052,1339,9291022,87312493012248,87312556077671,1090006108,0
1763637713052,1337,7291210,87312499154996,87312556206004,953641089,0
1763637713052,1335,14711318,87312525516103,87312556198621,3899410374,0
1763637713052,1330,9534188,87312481841296,87312556211428,959674540,0
1763637713052,1333,881530,87312543159074,87312556221345,729279238,0
1763637713052,1340,1352960,87312545949643,87312556212313,990144986,0
1763637713052,1328,1101386,87312498937324,87312556222223,1134934604,0
1763637713052,1341,7365176,87312525900865,87312556269387,1944321694,0
1763637713052,1342,27361510,87312523483624,87312556093936,6728009281,0
1763637713052,1332,2676324,87312521250256,87312554746872,995847520,0
1763637713052,1331,3464854,87312529504763,87312556357070,961190362,0
1763637713052,1327,8525770,87312494717618,87312555190607,1113915978,0
1763637713052,1338,17763934,87312489715240,87312556218526,859901832,0
1763637713153,1334,5394928,87312603038056,87312655081048,1393364216,0
1763637713153,1336,3099124,87312613785116,87312655258352,760675373,0
1763637713153,1329,7177022,87312627550070,87312656724948,1933527932,0
1763637713153,1339,11041414,87312593106590,87312656732772,1174888167,0
1763637713153,1337,4521854,87312599155597,87312656726765,959234045,0
1763637713153,1335,15064364,87312625516206,87312656703660,3873020085,0
1763637713153,1330,14089802,87312583182056,87312656657584,989415212,0
1763637713153,1333,657446,87312645790612,87312655082372,746773539,0
1763637713153,1340,2162614,87312646368137,87312656724510,1005959660,0
1763637713153,1328,6007988,87312599326539,87312656842557,694741770,0
1763637713153,1341,7574454,87312626102873,87312656855050,1934792494,0
1763637713153,1342,27720890,87312623483755,87312656679146,6688730365,0
1763637713153,1332,5671870,87312621328011,87312656137362,999228130,0
1763637713153,1331,1782094,87312630907045,87312656984956,917062991,0
1763637713153,1327,4614870,87312594728634,87312656982437,1018520503,0
1763637713153,1338,17520848,87312589719381,87312658641520,1429916707,0
1763637713255,1334,7673820,87312703083396,87312758843143,1120811887,0
1763637713255,1336,6885290,87312713794398,87312756702809,761668531,0
1763637713255,1329,7538524,87312727579552,87312758914711,1921672199,0
1763637713255,1339,6498420,87312693590467,87312758449067,1200834189,0
1763637713255,1337,10978010,87312700268622,87312760639327,805185761,0
1763637713255,1335,16876054,87312725519030,87312760647008,3856898290,0
1763637713255,1330,5802938,87312683182317,87312759614894,1239763501,0
1763637713255,1333,2071720,87312745790698,87312760635602,841171647,0
1763637713255,1340,883652,87312747195775,87312759614452,958958378,0
1763637713255,1328,8546894,87312699356145,87312760713978,783233843,0
1763637713255,1341,8284758,87312726189281,87312760643146,1922606229,0
1763637713255,1342,31183622,87312723494618,87312760611082,6674483591,0
1763637713255,1332,4502836,87312722707625,87312760782121,1091569998,0
1763637713255,1331,5346314,87312730969724,87312760840515,912418443,0
1763637713255,1327,8052218,87312695416509,87312760783015,825537618,0
1763637713255,1338,9677908,87312689738948,87312760831881,1693550472,0
1763637713359,1334,8240372,87312803118416,87312863107214,1106979493,0
1763637713359,1336,6976200,87312814543998,87312863113837,941743847,0
1763637713359,1329,8422176,87312827656708,87312863094403,1898981623,0
1763637713359,1339,6650644,87312793633751,87312861986878,997676504,0
1763637713359,1337,4331578,87312834528682,87312861335579,831187296,0
1763637713359,1335,17992246,87312825524307,87312863170491,3813022976,0
1763637713359,1330,10677806,87312783220435,87312863121618,975490439,0
1763637713359,1333,2414204,87312845814673,87312863207021,972968429,0
1763637713359,1340,2094982,87312848110302,87312863114983,966152906,0
1763637713359,1328,8942220,87312799381169,87312863210681,948981846,0
1763637713359,1341,8825942,87312826254000,87312863268000,1898297980,0
1763637713359,1342,33416006,87312823503187,87312863080908,6684178036,0
1763637713359,1332,6200354,87312823224514,87312863290061,1034553488,0
1763637713359,1331,3866498,87312831050557,87312862714510,1068605723,0
1763637713359,1327,6559734,87312795531467,87312861987760,874612602,0
1763637713359,1338,10026710,87312789767250,87312863434075,1387975825,0
1763637713461,1334,8436934,87312903167971,87312964665452,1096856401,0
1763637713461,1336,8709680,87312914546105,87312965066694,1022445501,0
1763637713461,1329,8868222,87312927690824,87312965073372,1896324669,0
1763637713461,1339,5718378,87312893657520,87312965145482,886538259,0
1763637713461,1337,3834780,87312936899748,87312963094217,977696928,0
1763637713461,1335,18939318,87312925553359,87312965145687,3798752794,0
1763637713461,1330,11540334,87312884160366,87312965142692,995323692,0
1763637713461,1333,2746078,87312945815817,87312965192482,1042291696,0
1763637713461,1340,1811690,87312948127114,87312963906836,950446198,0
1763637713461,1328,9261426,87312899382309,87312965244585,1027591897,0
1763637713461,1341,9261426,87312926352704,87312965275889,1896807692,0
1763637713461,1342,34904262,87312923539638,87312965090310,6690797340,0
1763637713461,1332,7261598,87312923241109,87312965347203,1094555984,0
1763637713461,1331,4185704,87312931803665,87312965257651,959062443,0
1763637713461,1327,5506962,87312895602668,87312965415675,828793718,0
1763637713461,1338,10407182,87312889769011,87312965448543,1238376245,0
1763637713562,1334,6513226,87313005184592,87313065613619,1108504543,0
1763637713562,1336,6382158,87313014610766,87313065704959,1142984806,0
1763637713562,1329,9111340,87313027752934,87313065730777,1906730727,0
1763637713562,1339,8766750,87312993688541,87313065493913,767456483,0
1763637713562,1337,2173192,87313037972588,87313065806237,1013495283,0
1763637713562,1335,19277558,87313025571080,87313065785082,3816181040,0
1763637713562,1330,11643912,87312984311756,87313065812406,1095019825,0
1763637713562,1333,2949022,87313047041585,87313064619647,1101470415,0
1763637713562,1340,2729166,87313048302974,87313065745896,946070746,0
1763637713562,1328,11772858,87313000048065,87313065813367,1057280865,0
1763637713562,1341,9595438,87313026384451,87313065893077,1904473922,0
1763637713562,1342,35151592,87313023540019,87313065701610,6690833523,0
1763637713562,1332,5373772,87313023268381,87313065952806,1161355000,0
1763637713562,1331,2999758,87313033223074,87313067641666,925178543,0
1763637713562,1327,8859782,87312995695923,87313067628072,737030307,0
1763637713562,1338,5813500,87312989828664,87313066916949,1213711471,0
1763637713667,1334,8957010,87313105997846,87313170292105,1015748256,0
1763637713667,1336,3399296,87313114675181,87313168785328,1070498088,0
1763637713667,1329,10413564,87313127792689,87313171118736,1910965229,0
1763637713667,1339,12201992,87313094093619,87313170296550,855775203,0
1763637713667,1337,4731132,87313138015304,87313171193890,832840827,0
1763637713667,1335,21882006,87313125621004,87313171230338,3826982772,0
1763637713667,1330,13083538,87313084314143,87313171194978,1154297988,0
1763637713667,1333,3718518,87313147691851,87313171115306,1166975923,0
1763637713667,1340,2961706,87313148599516,87313170731088,867943345,0
1763637713667,1328,8868238,87313100542026,87313171304957,1173354516,0
1763637713667,1341,10753910,87313126421943,87313171329336,1912478547,0
1763637713667,1342,39673446,87313123543618,87313171142271,6671295223,0
1763637713667,1332,3111808,87313123546360,87313171372296,1062429291,0
1763637713667,1331,4346368,87313133275489,87313170677536,975431185,0
1763637713667,1327,12443004,87313095744786,87313171317983,853145388,0
1763637713667,1338,9491876,87313090395666,87313170676706,967320930,0
1763637713768,1334,7711872,87313206042179,87313269727460,1108153126,0
1763637713768,1336,7399000,87313215956656,87313271611516,882651014,0
1763637713768,1329,10479090,87313227969115,87313271629841,1913041871,0
1763637713768,1339,8847082,87313196509227,87313270789513,1042422604,0
1763637713768,1337,4259702,87313238666524,87313271693210,937720721,0
1763637713768,1335,22152598,87313225652441,87313271650357,3827328133,0
1763637713768,1330,11039292,87313184359488,87313271693651,1168885551,0
1763637713768,1333,3111808,87313247692183,87313270634186,1288292901,0
1763637713768,1340,2746078,87313248610745,87313271225854,939076394,0
1763637713768,1328,7684382,87313202551678,87313271742894,1057019103,0
1763637713768,1341,10872294,87313226466561,87313271721952,1914552973,0
1763637713768,1342,39823532,87313223543763,87313271590894,6660880229,0
1763637713768,1332,5864220,87313224234540,87313271791778,854293918,0
1763637713768,1331,4705764,87313233298951,87313271225401,972468259,0
1763637713768,1327,10092236,87313197024977,87313270201103,1009424754,0
1763637713768,1338,10464300,87313191620317,87313271736279,927325595,0
1763637713868,1334,4642344,87313307482998,87313371051295,955199822,0
1763637713868,1336,5375910,87313317800154,87313372107647,927130580,0
1763637713868,1329,10622842,87313328023675,87313372135105,1916429689,0
1763637713868,1339,11527634,87313296512316,87313371460709,1021960153,0
1763637713868,1337,3910900,87313339772223,87313372232316,966322803,0
1763637713868,1335,22220246,87313325722689,87313372242144,3826758555,0
1763637713868,1330,10730664,87313284387056,87313372232760,1083124418,0
1763637713868,1333,4843166,87313348331412,87313372225281,1334730993,0
1763637713868,1340,2942688,87313348631628,87313371578497,957769919,0
1763637713868,1328,13117362,87313303376944,87313372269111,1042536025,0
1763637713868,1341,11016046,87313326483847,87313372300594,1916528430,0
1763637713868,1342,40586678,87313323577554,87313372131335,6643311941,0
1763637713868,1332,5373788,87313326047031,87313372348996,884030230,0
1763637713868,1331,5382244,87313333313628,87313371871389,980330251,0
1763637713868,1327,9379810,87313297194547,87313372439101,999901644,0
1763637713868,1338,5621118,87313292944404,87313371052697,969233718,0
1763637713969,1334,4481664,87313407494894,87313471890868,766000082,0
1763637713969,1336,8088164,87313417844858,87313471716492,847634235,0
1763637713969,1329,11062554,87313428070509,87313472635722,1933918523,0
1763637713969,1339,13089888,87313396524081,87313472559760,1173006989,0
1763637713969,1337,5876920,87313439793002,87313471234875,1016539930,0
1763637713969,1335,23404086,87313425755107,87313472700363,3859657772,0
1763637713969,1330,14943874,87313385548184,87313471234438,997542177,0
1763637713969,1333,4745922,87313448996101,87313472459632,1441692708,0
1763637713969,1340,1283206,87313449608680,87313470370637,897845497,0
1763637713969,1328,13969312,87313403380838,87313472778590,1288028234,0
1763637713969,1341,11464214,87313426658652,87313472784921,1931033206,0
1763637713969,1342,41533750,87313423667518,87313472605992,6657759957,0
1763637713969,1332,4819920,87313426844765,87313472840024,855680207,0
1763637713969,1331,2557940,87313433344097,87313470367533,970235412,0
1763637713969,1327,7606172,87313397209264,87313472890451,967160622,0
1763637713969,1338,5498506,87313392957284,87313471891309,765150806,0
1763637714089,1334,8523648,87313507522422,87313592731009,681329196,0
1763637714089,1336,9487728,87313517953804,87313593269816,969987047,0
1763637714089,1329,15449112,87313528131851,87313593345683,1922070497,0
1763637714089,1339,11891290,87313497201705,87313593268938,1211647766,0
1763637714089,1337,2910986,87313539872703,87313577795795,1146442694,0
1763637714089,1335,32401270,87313525765131,87313593398958,3853545172,0
1763637714089,1330,1591834,87313586035386,87313593234617,1110094063,0
1763637714089,1333,9198006,87313549221912,87313593318508,1430224979,0
1763637714089,1340,7181250,87313549608947,87313593440968,700995755,0
1763637714089,1328,11954662,87313503440498,87313593460536,1433249419,0
1763637714089,1341,15848650,87313526661159,87313593475330,1924064732,0
1763637714089,1342,58581046,87313523761866,87313593282136,6421534600,0
1763637714089,1332,8344046,87313526890932,87313593526783,889578532,0
1763637714089,1331,9047936,87313533407100,87313593611441,713962007,0
1763637714089,1327,11910308,87313497228191,87313593599590,892181135,0
1763637714089,1338,10779278,87313492962802,87313592252150,667780225,0
1763637714190,1334,10544632,87313608946937,87313693885260,748856246,0
1763637714190,1336,5872692,87313617989768,87313693869618,970197264,0
1763637714190,1329,15427972,87313628171889,87313693818249,1910179150,0
1763637714190,1339,9722278,87313597317610,87313689502770,1100520025,0
1763637714190,1337,8631454,87313639893191,87313693190704,820339917,0
1763637714190,1335,32654950,87313625765294,87313693928229,3829707724,0
1763637714190,1330,1169034,87313686371787,87313693561499,1010561795,0
1763637714190,1333,5525996,87313649590484,87313693741034,1429042583,0
1763637714190,1340,3771376,87313650397504,87313694011139,910016712,0
1763637714190,1328,11140796,87313604061082,87313694347475,1267917077,0
1763637714190,1341,16250310,87313626668831,87313695663262,1910384568,0
1763637714190,1342,60610486,87313623837559,87313695595692,6563570262,0
1763637714190,1332,8149462,87313626934110,87313695076248,919223214,0
1763637714190,1331,9830116,87313633451938,87313695730833,944325410,0
1763637714190,1327,18751180,87313597315792,87313695755722,939827968,0
1763637714190,1338,355152,87313694754237,87313695788189,968293053,0
1763637714294,1334,14413252,87313708989255,87313797300958,890786330,0
1763637714294,1336,11861646,87313718028720,87313798091314,893787359,0
1763637714294,1329,16607584,87313728178538,87313798061918,1903620587,0
1763637714294,1339,8923202,87313711853100,87313796639606,889871778,0
1763637714294,1337,9422106,87313739973683,87313798200051,1003894857,0
1763637714294,1335,34553322,87313725765593,87313798121716,3839941065,0
1763637714294,1330,2162614,87313786480482,87313798095413,914528945,0
1763637714294,1333,6872622,87313749630720,87313797378389,1332997641,0
1763637714294,1340,7500472,87313750415926,87313796873888,986286164,0
1763637714294,1328,10772944,87313705632825,87313798249316,1101666727,0
1763637714294,1341,17034612,87313726698790,87313798300476,1904093682,0
1763637714294,1342,62775222,87313723890435,87313798095629,6646170658,0
1763637714294,1332,11292988,87313736567298,87313798380259,877193042,0
1763637714294,1331,403766,87313734841039,87313736341346,1069818265,0
1763637714294,1327,9874486,87313698306868,87313796639168,1217875912,0
1763637714294,1338,737794,87313794829560,87313798414478,938567922,0
1763637714395,1334,10745470,87313809068030,87313897983962,1091683170,0
1763637714395,1336,10997028,87313819693910,87313897570102,1043258275,0
1763637714395,1329,16719618,87313828286195,87313898680075,1907747000,0
1763637714395,1339,8817502,87313813708434,87313898757984,830479408,0
1763637714395,1337,6800746,87313840017874,87313898764825,1141192539,0
1763637714395,1335,34768950,87313825893188,87313898762560,3840921255,0
1763637714395,1330,1380434,87313886759892,87313898763049,954103773,0
1763637714395,1333,5893832,87313850220404,87313898514974,1254192564,0
1763637714395,1340,8071236,87313850513084,87313898120989,1098090447,0
1763637714395,1328,12977838,87313805711848,87313898853430,1013602469,0
1763637714395,1341,17142418,87313826758735,87313898861315,1908101334,0
1763637714395,1342,63269898,87313823890571,87313898693943,6685693715,0
1763637714395,1332,8906290,87313836615923,87313898934763,1166557509,0
1763637714395,1331,8214988,87313835883162,87313900625111,563781764,0
1763637714395,1327,61298,87313900202875,87313900570271,887132811,0
1763637714395,1338,547518,87313896259401,87313899798782,1043189070,0
1763637714500,1334,25676660,87313909075169,87314003200717,1078362448,0
1763637714500,1336,7181250,87313919694768,87314003195639,1066106625,0
1763637714500,1329,18197312,87313928291591,87314004154353,1905291281,0
1763637714500,1339,13601492,87313913747560,87314004169841,839564882,0
1763637714500,1337,17432044,87313941598975,87314003736869,1198337683,0
1763637714500,1335,37610166,87313925908717,87314004158572,3830543530,0
1763637714500,1330,2610782,87313988364125,87314004162644,863381774,0
1763637714500,1333,4183598,87313951404849,87314004114129,1030155467,0
1763637714500,1340,5477366,87313951030943,87313996229439,1154487884,0
1763637714500,1328,9236074,87313906400172,87314004114572,1054279768,0
1763637714500,1341,18617990,87313926810200,87314004247459,1906551662,0
1763637714500,1342,67612054,87313923904955,87314004105423,6708019931,0
1763637714500,1332,5071478,87313936844575,87314003196092,1124831443,0
1763637714500,1331,249452,87313993548496,87313994033292,511867016,0
1763637714500,1327,737778,87314000243027,87314004233110,1092473296,0
1763637714500,1338,997808,87313996488572,87314004302533,856192693,0
1763637714601,1334,12495846,87314009842211,87314103131783,1607017431,0
1763637714601,1336,4999618,87314019756972,87314084717523,847505150,0
1763637714601,1329,18315696,87314028397328,87314104665249,1909867422,0
1763637714601,1339,14956542,87314013823767,87314104679409,1031109127,0
1763637714601,1337,16804226,87314041652238,87314104587307,1794042336,0
1763637714601,1335,37846934,87314025914011,87314104704828,3830961708,0
1763637714601,1330,1384662,87314088376059,87314104710955,845985445,0
1763637714601,1333,9022552,87314051421460,87314104236323,941696627,0
1763637714601,1340,3557854,87314076706030,87314103937862,751645667,0
1763637714601,1328,14026382,87314006408670,87314103595967,914054204,0
1763637714601,1341,18725812,87314026828026,87314104788183,1910155337,0
1763637714601,1342,67485214,87314023905390,87314104611523,6681938849,0
1763637714601,1332,7572332,87314038152897,87314103599654,859144671,0
1763637714601,1331,6428666,87313993548496,87314080159165,511867016,0
1763637714601,1327,585586,87314100258883,87314104825314,1188790764,0
1763637714601,1338,1805356,87314096494939,87314104962068,828462775,0
1763637714705,1334,15151046,87314110772974,87314208408894,1320265019,0
1763637714705,1336,9923116,87314121363870,87314208473408,693144757,0
1763637714705,1329,19254312,87314128400932,87314209112915,1917276068,0
1763637714705,1339,10466406,87314113934890,87314209064008,1158510811,0
1763637714705,1337,10307864,87314141723697,87314208579532,1806407969,0
1763637714705,1335,39977846,87314125939725,87314209141926,3847011060,0
1763637714705,1330,5559820,87314188422695,87314209188539,1023426943,0
1763637714705,1333,7350370,87314151437820,87314209199641,1072056435,0
1763637714705,1340,2570624,87314176706200,87314199472049,845637394,0
1763637714705,1328,321328,87314206440805,87314209248276,1034799917,0
1763637714705,1341,19681340,87314126870706,87314209268514,1916790889,0
1763637714705,1342,71907702,87314123912122,87314209061301,6676129541,0
1763637714705,1332,7113602,87314138193708,87314208474290,947628831,0
1763637714705,1331,4908708,87314143945536,87314209343218,426968469,150397040
1763637714705,1327,1596078,87314200325735,87314209063126,1172146184,0
1763637714705,1338,1587622,87314196590065,87314209400210,982863510,0
1763637714806,1334,17945738,87314211845743,87314308421571,1281243503,0
1763637714806,1336,11519194,87314224235269,87314309599786,773764624,0
1763637714806,1329,19598886,87314228427312,87314309842060,1915689643,0
1763637714806,1339,15819086,87314214642220,87314307784666,1034351573,0
1763637714806,1337,11001240,87314244698276,87314309919665,1383919598,0
1763637714806,1335,40345682,87314225939912,87314309911941,3842168342,0
1763637714806,1330,957650,87314290095682,87314303225736,1173570450,0
1763637714806,1333,7443386,87314251468399,87314309929129,1076623788,0
1763637714806,1340,6130600,87314279361442,87314309757624,702063121,0
1763637714806,1328,722988,87314308422009,87314311543397,1028086927,0
1763637714806,1341,20368382,87314226975337,87314311604668,1915796745,0
1763637714806,1342,73734198,87314223916491,87314311579322,6685141576,0
1763637714806,1332,2001950,87314240175976,87314311672728,807138243,0
1763637714806,1331,7705538,87314243953689,87314311727202,635404875,0
1763637714806,1327,1727130,87314302210359,87314311743673,1194017937,0
1763637714806,1338,2585430,87314297435743,87314310812026,823481285,0
1763637714911,1334,95122,87314413918632,87314415128048,1136540530,0
1763637714911,1336,8614542,87314324240439,87314413921827,1030013062,0
1763637714911,1329,20630518,87314328430716,87314415080783,1920104866,0
1763637714911,1339,12798156,87314316702786,87314415131183,1143543937,0
1763637714911,1337,14294884,87314345152052,87314415147486,1320937967,0
1763637714911,1335,42582294,87314325968287,87314415213081,3841573312,0
1763637714911,1330,790636,87314391131861,87314405345246,859122206,0
1763637714911,1333,7515262,87314351468559,87314415238023,1102664431,0
1763637714911,1340,5676098,87314379690228,87314413873042,1088255591,0
1763637714911,1328,1183856,87314408494796,87314415237584,1103167617,0
1763637714911,1341,21023722,87314327023533,87314415268165,1920065686,0
1763637714911,1342,76981302,87314323987129,87314415110991,6700951135,0
1763637714911,1332,11859540,87314340183873,87314415388844,552974522,0
1763637714911,1331,4331594,87314351378472,87314415337581,681211405,0
1763637714911,1327,763162,87314403328811,87314415392433,1045070732,0
1763637714911,1338,4259718,87314397626283,87314415126098,953245818,0
1763637715012,1334,249452,87314513937013,87314515672699,966897073,0
1763637715012,1336,12686122,87314424271844,87314515684002,881036379,0
1763637715012,1329,20924372,87314428469367,87314515681889,1908871384,0
1763637715012,1339,11172514,87314416769492,87314515401260,1089356388,0
1763637715012,1337,12250654,87314446232972,87314509304939,1375140357,0
1763637715012,1335,43518804,87314425968612,87314515754203,3819405845,0
1763637715012,1330,1570710,87314391131861,87314456419675,859122206,0
1763637715012,1333,6967744,87314451640267,87314515776214,977206475,0
1763637715012,1340,6906430,87314481749261,87314509994866,1219471760,0
1763637715012,1328,1095052,87314508555698,87314515818384,1278611673,0
1763637715012,1341,21361962,87314427082025,87314515821573,1907227290,0
1763637715012,1342,77488662,87314423987775,87314515665073,6712559448,0
1763637715012,1332,10529842,87314440253648,87314515890977,900611938,0
1763637715012,1331,5906516,87314454947545,87314510366711,670456139,0
1763637715012,1327,930160,87314503529858,87314515396946,933854501,0
1763637715012,1338,2904620,87314497640533,87314517574721,1215488420,0
1763637715114,1334,536956,87314613950019,87314617713028,1043837412,0
1763637715114,1336,15176414,87314524272790,87314617733114,1016958576,0
1763637715114,1329,20949740,87314528470428,87314617744173,1922722298,0
1763637715114,1339,7327108,87314516771095,87314616065461,993939232,0
1763637715114,1337,8455984,87314546886560,87314617523538,1231878484,0
1763637715114,1335,43360246,87314526036053,87314617808994,3869750566,0
1763637715114,1330,5980514,87314523408361,87314595377904,477122567,132276500
1763637715114,1333,9151482,87314551644766,87314617844265,971333599,0
1763637715114,1340,6409648,87314584570384,87314617022738,1153917682,0
1763637715114,1328,1295874,87314608623382,87314617887719,1212317759,0
1763637715114,1341,21306998,87314527124278,87314617883786,1923952447,0
1763637715114,1342,79281334,87314524083036,87314617737630,6723295630,0
1763637715114,1332,12533914,87314540253918,87314619608302,1044846043,0
1763637715114,1331,10734908,87314554962342,87314619211356,860267979,0
1763637715114,1327,2137246,87314603614684,87314619679770,728503126,0
1763637715114,1338,2934216,87314597663909,87314619741220,1164609157,0
1763637715220,1334,551746,87314715500534,87314724127567,1006544352,0
1763637715220,1336,8880906,87314625605776,87314724127579,1123405369,0
1763637715220,1329,20471976,87314628502754,87314724136884,1900350091,0
1763637715220,1339,877302,87314717991269,87314724131127,1005571007,0
1763637715220,1337,7952900,87314646935612,87314724188769,1118317455,0
1763637715220,1335,42034776,87314626075373,87314724260872,3826922370,0
1763637715220,1330,6189792,87314639491516,87314724055506,444710745,0
1763637715220,1333,9984398,87314651645099,87314722592698,1021859013,0
1763637715220,1340,8475002,87314684582555,87314724052812,1331142249,0
1763637715220,1328,2839094,87314708714140,87314723628221,1126744486,0
1763637715220,1341,20841918,87314627228216,87314724322618,1900293435,0
1763637715220,1342,65526,87314724111032,87314724142780,6753083762,0
1763637715220,1332,8132566,87314640665699,87314724378224,1072166960,0
1763637715220,1331,4350612,87314657054564,87314723556955,927263339,0
1763637715220,1327,2479730,87314703620465,87314724434573,913183349,0
1763637715220,1338,4534522,87314697716170,87314722593138,977753193,0
1763637715321,1334,659568,87314816789973,87314823414009,984721382,0
1763637715321,1336,12984204,87314725659490,87314824663086,930608610,0
1763637715321,1329,23581678,87314728551674,87314824700083,1809306838,0
1763637715321,1339,190244,87314818054746,87314824663972,976781984,0
1763637715321,1337,15884612,87314747058013,87314824042649,1014719037,0
1763637715321,1335,47731998,87314726075697,87314824774995,3630023623,0
1763637715321,1330,3893988,87314743882549,87314819319712,504165554,0
1763637715321,1333,10796190,87314752879271,87314824470401,986710668,0
1763637715321,1340,4798796,87314785420209,87314824689201,1439911233,0
1763637715321,1328,1021054,87314808745884,87314823414461,1215968282,0
1763637715321,1341,23938936,87314727228608,87314824901543,1810879263,0
1763637715321,1342,528500,87314824111255,87314824706882,6724179935,0
1763637715321,1332,11371230,87314740719763,87314824975581,948175246,0
1763637715321,1331,6500574,87314757270999,87314826665245,764437979,0
1763637715321,1327,2678430,87314805255348,87314826108162,920014454,0
1763637715321,1338,5401262,87314798538679,87314825490595,995116884,0
1763637715427,1334,1207102,87314916889385,87314923563620,783296106,0
1763637715427,1336,291732,87314926183111,87314929277304,898403973,0
1763637715427,1329,553868,87314928629286,87314930810933,1787102901,0
1763637715427,1339,2133018,87314918115312,87314930762952,974231857,0
1763637715427,1337,6849360,87314847926488,87314928892181,1236866334,0
1763637715427,1335,2365558,87314926133121,87314930887663,3559193269,0
1763637715427,1330,6699258,87314844796013,87314927223417,465591967,100913464
1763637715427,1333,12202008,87314854524922,87314930921788,1109966781,0
1763637715427,1340,3213280,87314888328552,87314930884929,1053484803,0
1763637715427,1328,3314752,87314908785385,87314930165113,875933498,0
1763637715427,1341,953406,87314927245883,87314930967099,1786130650,0
1763637715427,1342,8927414,87314924163046,87314934993226,6720680679,0
1763637715427,1332,8669522,87314840815114,87314935022302,1018136546,0
1763637715427,1331,17548306,87314858223671,87314934483554,784613014,0
1763637715427,1327,4925620,87314905302356,87314935126359,926474270,0
1763637715427,1338,4950988,87314898815627,87314935117822,1212224867,0
1763637715532,1334,2729182,87315017565798,87315035323380,819586938,0
1763637715532,1336,1555904,87315026282516,87315035333523,1002857864,0
1763637715532,1329,1572816,87315028663397,87315035256903,1844442212,0
1763637715532,1339,1092930,87315018556806,87315034381339,922959146,0
1763637715532,1337,2502976,87314948413960,87315035411605,983474970,0
1763637715532,1335,4462646,87315026190110,87315035390667,3674013984,0
1763637715532,1330,17408814,87314950131974,87315035272714,497627782,0
1763637715532,1333,11246480,87314954569472,87315035255090,1158050004,0
1763637715532,1340,3663554,87315007779296,87315034694821,802189760,0
1763637715532,1328,3574766,87315008859729,87315035474177,1085891775,0
1763637715532,1341,1936424,87315027310679,87315035512986,1844932393,0
1763637715532,1342,9468598,87315024178984,87315035320226,6704324495,0
1763637715532,1332,13800176,87314942270984,87315035588996,868125979,0
1763637715532,1331,13766368,87314958298186,87315029325117,1251134391,0
1763637715532,1327,1839180,87315006831836,87315034380893,951710748,0
1763637715532,1338,5145476,87314998817648,87315035254650,1138998783,0
1763637715632,1334,1367750,87315117601680,87315135271797,840472452,0
1763637715632,1336,661674,87315126344267,87315134646968,984137574,0
1763637715632,1329,1718674,87315128699968,87315135750698,1878837101,0
1763637715632,1339,2805270,87315118628882,87315135857235,1049170468,0
1763637715632,1337,5244842,87315048516284,87315134129593,665921972,0
1763637715632,1335,4741694,87315126208950,87315135915244,3740263138,0
1763637715632,1330,23782500,87315050227807,87315135908569,1069782492,0
1763637715632,1333,15026296,87315054573818,87315135912198,1134391585,0
1763637715632,1340,3879182,87315107833214,87315134940332,767380426,0
1763637715632,1328,2067492,87315108879186,87315135268155,981726913,0
1763637715632,1341,2492398,87315127411563,87315137563866,1879396486,0
1763637715632,1342,11092150,87315124267179,87315137588523,6693732269,0
1763637715632,1332,10153534,87315042334753,87315137631185,1033464517,0
1763637715632,1331,4327366,87315060464332,87315137690477,1194426081,0
1763637715632,1327,3044160,87315106838453,87315136948056,814917898,0
1763637715632,1338,7570226,87315099149985,87315137305741,1163083093,0
1763637715736,1334,3173106,87315218605160,87315240070140,799822196,0
1763637715736,1336,1348732,87315227160930,87315239374805,798212623,0
1763637715736,1329,2689008,87315228724407,87315240038084,1893951912,0
1763637715736,1339,703954,87315234267558,87315238371144,955945897,0
1763637715736,1337,10846926,87315148572021,87315240173693,572302144,0
1763637715736,1335,6661206,87315226222337,87315240141177,3780255380,0
1763637715736,1330,20305010,87315150281116,87315239432291,1690126361,0
1763637715736,1333,13316094,87315154921074,87315240179425,1313551627,0
1763637715736,1340,1832830,87315208021622,87315233115155,647021276,0
1763637715736,1328,4390770,87315209862182,87315240175738,860561420,0
1763637715736,1341,3105458,87315227419501,87315240242173,1892782907,0
1763637715736,1342,13358358,87315224287649,87315240078067,6702872919,0
1763637715736,1332,8282668,87315143401746,87315239958572,939251369,0
1763637715736,1331,7020586,87315160490854,87315233115591,836962254,0
1763637715736,1327,7887342,87315206919351,87315240365158,1069620953,0
1763637715736,1338,5819850,87315199679423,87315240322117,1297609371,0
1763637715837,1334,1653148,87315320174734,87315340505648,893187086,0
1763637715837,1336,2004072,87315327246067,87315338884721,695828411,0
1763637715837,1329,2824304,87315328734270,87315340569824,1898013035,0
1763637715837,1339,530606,87315336522722,87315340319834,592175180,0
1763637715837,1337,12538158,87315248827436,87315340627516,761601739,0
1763637715837,1335,6965622,87315326239972,87315340604092,3804228538,0
1763637715837,1330,15288464,87315251395965,87315339107458,1737121833,0
1763637715837,1333,12588862,87315255012475,87315340666718,1272908422,0
1763637715837,1340,5401278,87315308049557,87315339791035,763691913,0
1763637715837,1328,5409718,87315310957455,87315339530530,981745069,0
1763637715837,1341,3187912,87315327419728,87315340699307,1899211370,0
1763637715837,1342,13764246,87315324295448,87315340542463,6728161268,0
1763637715837,1332,18721584,87315243445290,87315339399609,829441886,0
1763637715837,1331,822338,87315260970013,87315319006465,751910191,0
1763637715837,1327,4278736,87315306952120,87315340855780,1392223190,0
1763637715837,1338,4375964,87315300582194,87315340505193,1262246550,0
1763637715937,1334,4088476,87315420180344,87315441121411,970667662,0
1763637715937,1336,1044316,87315427265289,87315441104465,806565003,0
1763637715937,1329,2913092,87315428811741,87315441140186,1924749479,0
1763637715937,1339,651112,87315436624441,87315441104023,584904128,0
1763637715937,1337,10189480,87315356949199,87315441166435,889154844,0
1763637715937,1335,7236214,87315426323638,87315441204352,3869025433,0
1763637715937,1330,13136396,87315357718352,87315441219852,1477536032,0
1763637715937,1333,10965310,87315355740221,87315440487242,1248274989,0
1763637715937,1340,2739744,87315408064452,87315441258201,826396860,0
1763637715937,1328,2215472,87315412793521,87315441235552,1174004579,0
1763637715937,1341,3329542,87315427517485,87315441256292,1921940759,0
1763637715937,1342,14203958,87315424322510,87315441102953,6727981815,0
1763637715937,1332,16857020,87315346031026,87315440651704,1155012634,0
1763637715937,1331,10202164,87315361007664,87315440782148,416528619,100037651
1763637715937,1327,5428752,87315408121923,87315440112041,1240233322,0
1763637715937,1338,3574766,87315401417484,87315441420688,1111051681,0
1763637716038,1334,2202788,87315521032174,87315540611707,1180583009,0
1763637716038,1336,2521994,87315528639912,87315541668571,803000683,0
1763637716038,1329,3008214,87315528856027,87315541631413,1908605211,0
1763637716038,1339,818110,87315536823549,87315540897105,831380454,0
1763637716038,1337,8709680,87315457024489,87315541735477,890549329,0
1763637716038,1335,7337686,87315526340509,87315541739057,3847275454,0
1763637716038,1330,11559336,87315458740745,87315541412842,1373246591,0
1763637716038,1333,14142660,87315456148148,87315541793283,1184176942,0
1763637716038,1340,4107494,87315508497988,87315541798955,739959483,0
1763637716038,1328,3559976,87315513713300,87315541621728,937577452,0
1763637716038,1341,3365488,87315527517852,87315541843190,1910744813,0
1763637716038,1342,14643670,87315524326882,87315541674517,6712420514,0
1763637716038,1332,11024502,87315446840844,87315541934213,1268599242,0
1763637716038,1331,12003292,87315461071609,87315541413287,754426665,0
1763637716038,1327,2204894,87315517337749,87315534722941,1151018546,0
1763637716038,1338,6538610,87315501423216,87315543618554,883176739,0
1763637716142,1334,2746078,87315622320399,87315646151729,967808555,0
1763637716142,1336,2255630,87315630717063,87315644942864,1013683414,0
1763637716142,1329,4099038,87315628885305,87315646168620,1899913909,0
1763637716142,1339,2105528,87315636823773,87315646113437,1060037903,0
1763637716142,1337,13846700,87315557351638,87315645408355,865263475,0
1763637716142,1335,9333302,87315626354553,87315646228328,3810751900,0
1763637716142,1330,8117744,87315559096524,87315646224244,1223192375,0
1763637716142,1333,16284150,87315556161852,87315646145940,1247169578,0
1763637716142,1340,5323052,87315608540530,87315645408812,927837777,0
1763637716142,1328,2606570,87315613813461,87315645407473,894459889,0
1763637716142,1341,4473224,87315627577578,87315646324428,1899343810,0
1763637716142,1342,18262838,87315624327294,87315646118755,6702066552,0
1763637716142,1332,7250988,87315547185134,87315636664373,1099974907,0
1763637716142,1331,7111496,87315561283919,87315646420370,940202370,0
1763637716142,1327,3965864,87315619682513,87315646047598,847586113,0
1763637716142,1338,7054426,87315601438413,87315646146389,1113907317,0
1763637716243,1334,3712168,87315722649972,87315746209590,1104137516,0
1763637716243,1336,3071634,87315730739835,87315746667274,1186464463,0
1763637716243,1329,4208966,87315728907550,87315746667075,1893774842,0
1763637716243,1339,6889518,87315636823773,87315730198685,1060037903,0
1763637716243,1337,5437208,87315657945234,87315746671463,1011728402,0
1763637716243,1335,9498194,87315726373060,87315746740508,3800522175,0
1763637716243,1330,15178520,87315659924734,87315745888589,1026645824,0
1763637716243,1333,10747576,87315656184289,87315746660272,1300674230,0
1763637716243,1340,2862340,87315708866374,87315745819745,840843661,0
1763637716243,1328,5101074,87315713960987,87315746783289,1001548899,0
1763637716243,1341,4523960,87315727583766,87315746788564,1896516194,0
1763637716243,1342,18398134,87315724389565,87315746616686,6698877499,0
1763637716243,1332,13250568,87315647405883,87315746584739,839472817,0
1763637716243,1331,14871982,87315661917215,87315746923180,857973763,0
1763637716243,1327,2483942,87315720867001,87315746585182,979535632,0
1763637716243,1338,5659170,87315702065468,87315746661154,1061908672,0
1763637716348,1334,5225808,87315823251918,87315852026576,1249380438,0
1763637716348,1336,3225964,87315831350499,87315851920797,1238292043,0
1763637716348,1329,5591522,87315828928464,87315852256704,1899848438,0
1763637716348,1339,5249070,87315754803824,87315850466224,763673368,0
1763637716348,1337,10278268,87315758368614,87315852197376,754180001,0
1763637716348,1335,12174518,87315826379680,87315852315261,3786162480,0
1763637716348,1330,13844578,87315759995739,87315850774749,1207659738,0
1763637716348,1333,9832206,87315757321683,87315852188728,1129249672,0
1763637716348,1340,5773342,87315808877565,87315852355056,747631772,0
1763637716348,1328,6701396,87315813961098,87315852025679,1031303300,0
1763637716348,1341,5972042,87315827605362,87315852401912,1899183615,0
1763637716348,1342,23505558,87315824393949,87315852424974,6682986046,0
1763637716348,1332,488342,87315849447077,87315851048668,1066201630,0
1763637716348,1331,10271934,87315761918102,87315850773409,1121696257,0
1763637716348,1327,3132948,87315820893624,87315852513509,1003502484,0
1763637716348,1338,4492242,87315802101011,87315852189170,1050475442,0
1763637716449,1334,4031390,87315923287444,87315952727442,1242097758,0
1763637716449,1336,3316858,87315934104756,87315951560107,1141052184,0
1763637716449,1329,5534452,87315928969609,87315952771927,1894831356,0
1763637716449,1339,10777188,87315855404815,87315947286041,608617273,0
1763637716449,1337,7572348,87315858371360,87315952355425,826007033,0
1763637716449,1335,12242166,87315926453675,87315952839561,3772305108,0
1763637716449,1330,15244046,87315859996402,87315952822020,1188389593,0
1763637716449,1333,13066626,87315857362015,87315952403504,981675671,0
1763637716449,1340,3014564,87315909031025,87315952355881,799261157,0
1763637716449,1328,5441420,87315913976932,87315952727001,1092683242,0
1763637716449,1341,5902288,87315927658475,87315952871358,1894216888,0
1763637716449,1342,23776150,87315924409213,87315952963653,6684146960,0
1763637716449,1332,2428978,87315949447446,87315958424547,1066079568,0
1763637716449,1331,15977612,87315862359550,87315959071124,1001911224,0
1763637716449,1327,3469066,87315921303618,87315959097131,864042987,0
1763637716449,1338,6942376,87315903238104,87315959037358,962514279,0
1763637716555,1334,4724766,87316023305370,87316059239421,1163403736,0
1763637716555,1336,2509326,87316038523544,87316058140667,875340815,0
1763637716555,1329,6914886,87316029027035,87316059282378,1876788616,0
1763637716555,1339,15087610,87315959446663,87316059310028,718730725,0
1763637716555,1337,97244,87316058613307,87316059323975,881467648,0
1763637716555,1335,14981910,87316026495012,87316059356076,3742999069,0
1763637716555,1330,10276146,87315960025347,87316059362080,1240384396,0
1763637716555,1333,262136,87316057387826,87316059240756,1073250697,0
1763637716555,1340,6701380,87316009519568,87316059322198,801020814,0
1763637716555,1328,6236300,87316014015329,87316059241645,1098897216,0
1763637716555,1341,7236214,87316027711639,87316059395370,1877535151,0
1763637716555,1342,28951222,87316024454936,87316059414615,6664776960,0
1763637716555,1332,458730,87316051838771,87316058423610,1166220846,0
1763637716555,1331,10660894,87315962360066,87316059277853,1160266849,0
1763637716555,1327,3080106,87316021594207,87316053372094,852332037,0
1763637716555,1338,7578666,87316003249463,87316059241200,1008005466,0
1763637716656,1334,5604206,87316123331548,87316165014166,1131536172,0
1763637716656,1336,3606484,87316138523666,87316164573588,1093517607,0
1763637716656,1329,8130444,87316129027207,87316165033822,1859842723,0
1763637716656,1339,492554,87316159523865,87316164987723,1076407833,0
1763637716656,1337,194488,87316159423150,87316162669861,717204604,0
1763637716656,1335,17417238,87316126510755,87316165102934,3712588251,0
1763637716656,1330,932266,87316161023218,87316165104924,1122055400,0
1763637716656,1333,1035860,87316157395420,87316165015500,1090534884,0
1763637716656,1340,6876834,87316110898114,87316163662940,784614475,0
1763637716656,1328,7322896,87316114049864,87316165015056,1096362291,0
1763637716656,1341,8485596,87316127716774,87316165167494,1859493816,0
1763637716656,1342,33618934,87316124545110,87316165226043,6630636717,0
1763637716656,1332,1568588,87316152922411,87316165236679,895389877,0
1763637716656,1331,268470,87316163663381,87316164248168,1100612065,0
1763637716656,1327,2811620,87316124329089,87316164988163,696881080,0
1763637716656,1338,7208740,87316103253598,87316165014612,1041950568,0
1763637716762,1334,5722590,87316223380808,87316265564931,1105333975,0
1763637716762,1336,3075894,87316240922335,87316264611742,961884746,0
1763637716762,1329,8382002,87316229045553,87316265574913,1847652114,0
1763637716762,1339,268470,87316259668944,87316262910936,720757789,0
1763637716762,1337,422800,87316259493396,87316265650513,803244678,0
1763637716762,1335,18161366,87316226562817,87316265640554,3703475805,0
1763637716762,1330,623622,87316261032470,87316264060181,1064536235,0
1763637716762,1333,1130982,87316257399001,87316265565369,1084403335,0
1763637716762,1340,6342000,87316211473735,87316265693775,804784292,0
1763637716762,1328,7096690,87316214059299,87316265565806,1110959407,0
1763637716762,1341,8787890,87316227734839,87316265739919,1847480239,0
1763637716762,1342,34396886,87316224552127,87316265766878,6631190643,0
1763637716762,1332,1217680,87316254014818,87316265842019,1277465664,0
1763637716762,1331,207172,87316264532970,87316265734078,1107111632,0
1763637716762,1327,5397034,87316225230876,87316265768819,719694698,0
1763637716762,1338,8500370,87316203323849,87316265564494,1014036183,0
1763637716862,1334,5821940,87316323382343,87316365995079,1095364097,0
1763637716862,1336,2346556,87316340924485,87316364212478,1019749028,0
1763637716862,1329,8470790,87316329053261,87316366012748,1848502942,0
1763637716862,1339,913248,87316359670802,87316365500078,746810914,0
1763637716862,1337,1082368,87316359523219,87316365100551,959721017,0
1763637716862,1335,18093718,87316326573312,87316366074565,3699687320,0
1763637716862,1330,598254,87316361350376,87316366125323,984831710,0
1763637716862,1333,1198630,87316357399115,87316365994197,1087612405,0
1763637716862,1340,6373702,87316311657987,87316366158033,849060670,0
1763637716862,1328,7060760,87316314064547,87316365993756,1106358233,0
1763637716862,1341,8819608,87316327768611,87316366197835,1847837953,0
1763637716862,1342,34356728,87316324564293,87316366244674,6636708074,0
1763637716862,1332,410116,87316354743420,87316363080301,1274139486,0
1763637716862,1331,321328,87316365100990,87316366311265,954292511,0
1763637716862,1327,4141334,87316326986547,87316366086572,722167165,0
1763637716862,1338,8354528,87316303325746,87316365995520,1049543479,0
1763637716963,1334,5864220,87316423382851,87316466510052,1101800593,0
1763637716963,1336,3141420,87316440932394,87316466540743,893830786,0
1763637716963,1329,8842870,87316429071982,87316466559231,1865988688,0
1763637716963,1339,788514,87316461716743,87316466379453,751517742,0
1763637716963,1337,5388594,87316359523219,87316424964569,959721017,0
1763637716963,1335,18905494,87316426604785,87316466614476,3731218894,0
1763637716963,1330,775830,87316461390964,87316465290281,814712641,0
1763637716963,1333,1232470,87316457434711,87316466461218,1096463398,0
1763637716963,1340,6337772,87316411986891,87316466644856,927782558,0
1763637716963,1328,7238352,87316414065704,87316466509611,1110338830,0
1763637716963,1341,9181094,87316427793637,87316466702320,1867710623,0
1763637716963,1342,35141014,87316424579330,87316466726204,6643429725,0
1763637716963,1332,2310610,87316454776105,87316466773690,1170301216,0
1763637716963,1331,401660,87316465457892,87316466789336,1169926668,0
1763637716963,1327,3154072,87316428452416,87316466731877,912115614,0
1763637716963,1338,8525754,87316403326089,87316466463297,1067897796,0
1763637717065,1334,6257440,87316523400377,87316569021578,1098412979,0
1763637717065,1336,5521768,87316540974761,87316568800460,1070873600,0
1763637717065,1329,9472826,87316529123501,87316568976230,1871887995,0
1763637717065,1339,1179612,87316561742044,87316569044129,938110990,0
1763637717065,1337,12624824,87316476265918,87316569127608,664564136,0
1763637717065,1335,20156982,87316526633214,87316569088972,3753804811,0
1763637717065,1330,1234576,87316561417109,87316568899087,1016705486,0
1763637717065,1333,1621430,87316557539196,87316569021136,1098481250,0
1763637717065,1340,6181320,87316512484773,87316568185996,866254544,0
1763637717065,1328,7595610,87316514077624,87316569020695,1108379872,0
1763637717065,1341,9832206,87316527831442,87316569218856,1872623770,0
1763637717065,1342,36908318,87316524580193,87316569256081,6659438377,0
1763637717065,1332,8111426,87316454776105,87316517529460,1170301216,0
1763637717065,1331,147980,87316565490445,87316569253058,985900576,0
1763637717065,1327,5403368,87316528468260,87316567041337,780377301,0
1763637717065,1338,8836552,87316503387524,87316569019811,1075221567,0
1763637717168,1334,6722552,87316623434558,87316672033639,1095446499,0
1763637717168,1336,4475346,87316641068198,87316672055266,1279547285,0
1763637717168,1329,10128166,87316629163650,87316672085366,1874014251,0
1763637717168,1339,1995616,87316662382446,87316672094614,1193661821,0
1763637717168,1337,12626914,87316577066693,87316672146748,858346197,0
1763637717168,1335,21848182,87316626650004,87316672076658,3768022966,0
1763637717168,1330,543290,87316663343361,87316672150822,906487425,0
1763637717168,1333,2027318,87316657559927,87316672032942,1101134531,0
1763637717168,1340,9371354,87316613753517,87316672037101,891795703,0
1763637717168,1328,8024744,87316614081031,87316672031879,1104995010,0
1763637717168,1341,10531948,87316627836958,87316672233528,1873776574,0
1763637717168,1342,39504310,87316624604058,87316672268731,6642327674,0
1763637717168,1332,399554,87316593656689,87316597758086,818834302,0
1763637717168,1331,391082,87316665506299,87316671059874,969117356,0
1763637717168,1327,4160352,87316629558181,87316671341952,888982511,0
1763637717168,1338,9405178,87316603394732,87316672034082,1076050692,0
1763637717269,1334,6745814,87316723441542,87316772516517,1094959270,0
1763637717269,1336,5268104,87316741428107,87316772552291,1131414024,0
1763637717269,1329,10176796,87316729169327,87316772561224,1875315857,0
1763637717269,1339,1735586,87316762400398,87316771357626,1368221070,0
1763637717269,1337,9696910,87316679083590,87316771809541,959491992,0
1763637717269,1335,21848182,87316726654095,87316772600602,3767254759,0
1763637717269,1330,539062,87316763389836,87316772622791,921657537,0
1763637717269,1333,2071720,87316757634442,87316772517845,1094729463,0
1763637717269,1340,7783748,87316714727694,87316772588338,1015944824,0
1763637717269,1328,8012076,87316714117230,87316772518730,1102191881,0
1763637717269,1341,10531948,87316727846425,87316772726223,1874908124,0
1763637717269,1342,40146966,87316724620584,87316772735443,6650248232,0
1763637717269,1332,2175298,87316694810571,87316765903070,464173092,101153882
1763637717269,1331,1194402,87316765534745,87316772651327,991521107,0
1763637717269,1327,4378102,87316732635334,87316772426916,881497271,0
1763637717269,1338,9381916,87316703415948,87316772516960,1081292646,0
1763637717369,1334,6109476,87316823472533,87316873206585,1059334046,0
1763637717369,1336,3084334,87316841891957,87316873050226,1164574525,0
1763637717369,1329,9443230,87316829197322,87316873256625,1809312388,0
1763637717369,1339,1084490,87316863797120,87316873248819,1151206108,0
1763637717369,1337,7802782,87316779088376,87316873304255,913687147,0
1763637717369,1335,19818742,87316826671500,87316873303199,3647580203,0
1763637717369,1330,617288,87316864140165,87316873303807,972215445,0
1763637717369,1333,1936440,87316857662392,87316873206151,1042832728,0
1763637717369,1340,6684468,87316814925556,87316873365024,951795614,0
1763637717369,1328,7322896,87316814167612,87316873207454,1073753575,0
1763637717369,1341,9722278,87316827868617,87316873325918,1812033495,0
1763637717369,1342,41263158,87316824663333,87316873447513,6704726409,0
1763637717369,1332,10939942,87316796194645,87316873467087,371540717,0
1763637717369,1331,1270522,87316866140137,87316873523166,939550683,0
1763637717369,1327,2521994,87316839440599,87316871573934,895830620,0
1763637717369,1338,8443332,87316803526059,87316873207020,1059188870,0
1763637717472,1334,6616836,87316923475792,87316976170755,1019423221,0
1763637717472,1336,5156054,87316944021638,87316975688812,1041976390,0
1763637717472,1329,10202164,87316929197829,87316976177590,1768770132,0
1763637717472,1339,1035860,87316965958108,87316975013599,1096069124,0
1763637717472,1337,8181164,87316879602008,87316976176124,778969591,0
1763637717472,1335,21765744,87316926671651,87316976290570,3548050137,0
1763637717472,1330,1532642,87316964156875,87316976296229,793685606,0
1763637717472,1333,2297910,87316957869515,87316976172088,1013805712,0
1763637717472,1340,8113532,87316914933152,87316975156364,1000383967,0
1763637717472,1328,7663242,87316914250742,87316976171645,1029621089,0
1763637717472,1341,10525614,87316927875251,87316976377934,1769232201,0
1763637717472,1342,44983798,87316924723000,87316976407816,6759789295,0
1763637717472,1332,13176554,87316896234368,87316976450647,686420045,0
1763637717472,1331,1156366,87316966203241,87316976452631,1050843224,0
1763637717472,1327,2048458,87316945242101,87316974866996,706147636,0
1763637717472,1338,9022552,87316903527675,87316976171199,1011156172,0
1763637717573,1334,6568238,87317023509266,87317076679376,1006758668,0
1763637717573,1336,6974094,87317046624952,87317076090635,1044072040,0
1763637717573,1329,10284618,87317029273807,87317076733019,1753846866,0
1763637717573,1339,4855850,87316965958108,87317047393272,1096069124,0
1763637717573,1337,11083710,87316980190197,87317076756113,728016389,0
1763637717573,1335,21882006,87317026721858,87317076784928,3531399143,0
1763637717573,1330,1433308,87317064282564,87317076802554,859227316,0
1763637717573,1333,2342312,87317057900869,87317076678486,1000240974,0
1763637717573,1340,7293300,87317014958536,87317076410405,1004041686,0
1763637717573,1328,7819662,87317014272857,87317076678931,1004473775,0
1763637717573,1341,10684156,87317027885432,87317076876362,1752367354,0
1763637717573,1342,45694102,87317024736236,87317076916962,6860600021,0
1763637717573,1332,12622718,87316996247040,87317074915335,1034232296,0
1763637717573,1331,1359310,87317066467831,87317076414453,984972805,0
1763637717573,1327,5413994,87317045264102,87317080276561,719138720,0
1763637717573,1338,9447458,87317003544948,87317080262489,997548068,0
1763637717678,1334,7276388,87317123512274,87317182177911,1000155990,0
1763637717678,1336,4783974,87317146678657,87317182045865,1336504929,0
1763637717678,1329,11578370,87317129297755,87317182187634,1740159185,0
1763637717678,1339,4967916,87317096743196,87317182242452,696613335,0
1763637717678,1337,150086,87317180857178,87317182268179,912446316,0
1763637717678,1335,24258142,87317126722040,87317182206424,3501205852,0
1763637717678,1330,2678462,87317164403222,87317182271900,906801892,0
1763637717678,1333,2955372,87317157919079,87317182177471,988027079,0
1763637717678,1340,4948882,87317116194270,87317181617102,959419176,0
1763637717678,1328,8333388,87317114318719,87317182177020,994318888,0
1763637717678,1341,11887014,87317127938033,87317182349166,1741622847,0
1763637717678,1342,50141958,87317124736391,87317182387198,6932431542,0
1763637717678,1342,50148308,87317124736391,87317182412873,6932431542,0
1763637717678,1332,10999150,87317097930190,87317181841592,1033542792,0
1763637717678,1331,2376152,87317166488213,87317182481448,959670381,0
1763637717678,1327,3788304,87317145740399,87317177924011,988492298,0
1763637717678,1338,9650402,87317103630798,87317182178352,986773006,0
1763637717781,1334,7538524,87317223514650,87317285193753,992966203,0
1763637717781,1336,5701450,87317247081095,87317284016372,1220658731,0
1763637717781,1329,12037116,87317229314987,87317285238270,1737684806,0
1763637717781,1339,12924996,87317196768723,87317284017262,652815335,0
1763637717781,1337,188138,87317282814201,87317283401939,727343588,0
1763637717781,1335,25061462,87317226737941,87317285301574,3477043604,0
1763637717781,1330,2103438,87317265574152,87317284071712,915271327,0
1763637717781,1333,3399296,87317257922536,87317285194196,977595782,0
1763637717781,1340,11386004,87317216306853,87317285348164,908876099,0
1763637717781,1328,8813258,87317214380759,87317285194640,983500198,0
1763637717781,1341,12383812,87317227986242,87317285391057,1736964739,0
1763637717781,1342,52222134,87317224754150,87317285422052,6931207463,0
1763637717781,1332,11111184,87317199721028,87317285458154,1015953846,0
1763637717781,1331,1568588,87317266525486,87317285347725,938909759,0
1763637717781,1327,1295890,87317252398727,87317274616872,765467426,0
1763637717781,1338,9969608,87317203674365,87317285195084,983028300,0
1763637717882,1334,7775276,87317323535577,87317387116235,981502641,0
1763637717882,1336,2183754,87317348189997,87317386199203,972876987,0
1763637717882,1329,12578300,87317329333668,87317387148678,1724513994,0
1763637717882,1339,18059926,87317297077949,87317386891637,912288611,0
1763637717882,1337,805426,87317383461567,87317387214815,846932448,0
1763637717882,1335,26245302,87317326791531,87317387210814,3459917386,0
1763637717882,1330,2259874,87317365704976,87317385638314,902768762,0
1763637717882,1333,3530380,87317357971827,87317387117584,975200618,0
1763637717882,1340,6392736,87317316344382,87317385637873,1062450268,0
1763637717882,1328,8906290,87317314425305,87317387116686,983839212,0
1763637717882,1341,12899628,87317327987035,87317387283078,1725659972,0
1763637717882,1342,54006350,87317324765070,87317387344189,6901746904,0
1763637717882,1332,11271864,87317300707229,87317387388955,1026208280,0
1763637717882,1331,2801042,87317366621556,87317386956383,865407527,0
1763637717882,1327,2953250,87317353305087,87317387345454,642515792,0
1763637717882,1338,10009814,87317303826918,87317387115794,976570422,0
1763637717986,1334,8352422,87317423578413,87317490089905,980396696,0
1763637717986,1336,4194160,87317448238450,87317490050618,823331418,0
1763637717986,1329,13178676,87317429374319,87317490051523,1749945262,0
1763637717986,1339,19296608,87317397551799,87317489494720,1271498668,0
1763637717986,1337,1139438,87317483489627,87317490112029,1022152792,0
1763637717986,1335,27733558,87317426864663,87317490119641,3498337122,0
1763637717986,1330,1352944,87317466137504,87317488613230,693111563,0
1763637717986,1333,3898232,87317457972478,87317489963342,990898792,0
1763637717986,1340,3551520,87317416408010,87317488614118,854292132,0
1763637717986,1328,9713838,87317414425906,87317490090342,978222203,0
1763637717986,1341,13595126,87317428117923,87317490282567,1746931762,0
1763637717986,1342,55904722,87317424771089,87317490324528,6899360927,0
1763637717986,1332,13104726,87317400737811,87317490206863,991820698,0
1763637717986,1331,3904566,87317466624751,87317490339415,969050387,0
1763637717986,1327,1503046,87317453727585,87317475322599,482509331,100422498
1763637717986,1338,11020258,87317403838780,87317490083521,965571395,0
1763637718087,1334,8170618,87317523580204,87317590813754,984696371,0
1763637718087,1336,2610814,87317548279934,87317590819039,835051431,0
1763637718087,1329,13223078,87317529384110,87317590821876,1742980604,0
1763637718087,1339,16303184,87317497594449,87317590634591,1490287753,0
1763637718087,1337,883652,87317583540956,87317590913428,1140810040,0
1763637718087,1335,27665910,87317526924761,87317590923245,3496142984,0
1763637718087,1330,2452224,87317566600792,87317590912976,636688989,0
1763637718087,1333,3944724,87317558012144,87317590813314,980293237,0
1763637718087,1340,6790152,87317516430096,87317590939153,634695346,0
1763637718087,1328,9284672,87317514458175,87317590812875,993349108,0
1763637718087,1341,14829702,87317528133503,87317597234735,1743452737,0
1763637718087,1342,62086058,87317524778341,87317597309881,6869715322,0
1763637718087,1332,14415374,87317501214361,87317596808936,1058683413,0
1763637718087,1331,3154088,87317566639584,87317597359216,1033323710,0
1763637718087,1327,2033684,87317553779802,87317597343318,390086789,0
1763637718087,1338,11242300,87317503884783,87317597252036,989826923,0
1763637718194,1334,8957042,87317623651548,87317697825684,974673195,0
1763637718194,1336,7661120,87317650132173,87317697814029,770868954,0
1763637718194,1329,14461866,87317629434668,87317697692375,1726720874,0
1763637718194,1339,16903560,87317597707313,87317696108765,1451691798,0
1763637718194,1337,1570694,87317683587533,87317697911952,1012618250,0
1763637718194,1335,30202710,87317626954375,87317697862103,3461764319,0
1763637718194,1330,3460642,87317666622271,87317697909273,752383587,0
1763637718194,1333,4758606,87317658042388,87317697824799,970557403,0
1763637718194,1340,8984532,87317616448557,87317697956065,704476125,0
1763637718194,1328,10453722,87317614458995,87317701335885,980945382,0
1763637718194,1341,15533672,87317628133849,87317701367282,1727639727,0
1763637718194,1342,65396582,87317624778508,87317701401797,6862576096,0
1763637718194,1332,7593504,87317601315732,87317697240333,1114157432,0
1763637718194,1331,3828478,87317666676188,87317701457043,952748229,0
1763637718194,1327,5657064,87317657332165,87317698870253,357790429,103552363
1763637718194,1338,11741140,87317603968204,87317701334122,975745546,0
1763637718298,1334,9341790,87317723683468,87317801775210,968415597,0
1763637718298,1336,6475190,87317755139399,87317800451657,964752018,0
1763637718298,1329,14952314,87317729510721,87317801828634,1710176727,0
1763637718298,1339,625744,87317798928735,87317801767133,1278500055,0
1763637718298,1337,1972354,87317783596734,87317801833241,951392652,0
1763637718298,1335,31623318,87317726995852,87317801876997,3443019376,0
1763637718298,1330,3834844,87317766691828,87317801834565,822698177,0
1763637718298,1333,5196212,87317758114333,87317801774772,968784443,0
1763637718298,1340,9517276,87317716454254,87317801924349,794293838,0
1763637718298,1328,10605930,87317714492882,87317801776088,969342496,0
1763637718298,1341,15341306,87317728133957,87317801974029,1709672309,0
1763637718298,1342,75526870,87317724795487,87317813091284,6846255740,0
1763637718298,1332,357274,87317807639796,87317811586925,651060839,0
1763637718298,1331,5101106,87317766694565,87317813167159,925391358,0
1763637718298,1327,3424680,87317758754786,87317812800463,770601398,0
1763637718298,1338,1090824,87317804042097,87317813082551,963454504,0
1763637718410,1334,10791994,87317823722798,87317913499548,963559989,0
1763637718410,1336,7701278,87317856394335,87317912916165,1111806736,0
1763637718410,1329,17757600,87317829546994,87317913540478,1689139028,0
1763637718410,1339,2183770,87317898967774,87317913551161,1430422761,0
1763637718410,1337,3426818,87317883607455,87317913597988,914771572,0
1763637718410,1335,36730742,87317827080750,87317913601985,3412626923,0
1763637718410,1330,5263860,87317866691965,87317913599322,849794327,0
1763637718410,1333,6733098,87317858166037,87317913499107,963093193,0
1763637718410,1340,10781384,87317816474455,87317913657364,841422210,0
1763637718410,1328,11914536,87317814503526,87317913498668,970584887,0
1763637718410,1341,18074700,87317828169141,87317913669022,1688811688,0
1763637718410,1342,76237174,87317824798513,87317913721904,6837895579,0
1763637718410,1332,1568588,87317807639796,87317902753988,651060839,0
1763637718410,1331,5329450,87317866759656,87317913804609,901109511,0
1763637718410,1327,7942274,87317866798870,87317912140927,595205685,0
1763637718410,1338,1133120,87317904049700,87317913499989,958272460,0
1763637718510,1334,11043568,87317923763642,87318014146038,960364521,0
1763637718510,1336,7088250,87317957101945,87318012651404,1091436919,0
1763637718510,1329,18100068,87317929547019,87318014181658,1690423302,0
1763637718510,1339,3515574,87318000034493,87318014141340,1542014910,0
1763637718510,1337,3483920,87317983684651,87318014231164,908336629,0
1763637718510,1335,37508694,87317927121458,87318014188989,3408996973,0
1763637718510,1330,5344192,87317966699724,87318014261418,876499323,0
1763637718510,1333,6857832,87317958184302,87318014146478,968271856,0
1763637718510,1340,11035144,87317916474951,87318014260965,864987141,0
1763637718510,1328,12314090,87317914624718,87318014145159,964084425,0
1763637718510,1341,18389694,87317928169353,87318014325072,1692540845,0
1763637718510,1342,77184246,87317924812575,87318014370226,6848219165,0
1763637718510,1332,1135226,87317952627161,87317971733781,368863685,144987365
1763637718510,1331,5386504,87317966811717,87318014437341,906521454,0
1763637718510,1327,5530224,87317967628201,87318014438377,769759897,0
1763637718510,1338,1215558,87318004110489,87318014145599,964046098,0
1763637718611,1334,11178864,87318023774122,87318114781932,966775665,0
1763637718611,1336,9705366,87318057185286,87318114827122,1066343925,0
1763637718611,1329,18448870,87318029559565,87318114835954,1700344206,0
1763637718611,1339,1727130,87318100560508,87318113794950,1427713323,0
1763637718611,1337,3540974,87318083688823,87318114879071,899529494,0
1763637718611,1335,38117526,87318027173859,87318114861779,3427266778,0
1763637718611,1330,5312506,87318066936144,87318114879527,883336586,0
1763637718611,1333,6908568,87318058317241,87318114785056,972919424,0
1763637718611,1340,11149284,87318016511740,87318114927830,883880469,0
1763637718611,1328,23262,87318114669856,87318114785945,978987199,0
1763637718611,1341,18808250,87318028246286,87318114980915,1699247721,0
1763637718611,1342,79877482,87318024873910,87318117323765,6873394923,0
1763637718611,1331,5750080,87318066908895,87318117366005,898038500,0
1763637718611,1327,8405264,87318067629406,87318117395223,915741231,0
1763637718611,1338,1587622,87318104173890,87318117289536,970046677,0
1763637718719,1334,11806698,87318123803021,87318223127724,972258633,0
1763637718719,1336,5242688,87318157205969,87318222996596,1083628591,0
1763637718719,1329,19620026,87318129638299,87318223058508,1717413129,0
1763637718719,1339,2327506,87318201516622,87318222944705,1096802938,0
1763637718719,1337,4162474,87318183741280,87318223203090,902348375,0
1763637718719,1335,39977846,87318127215819,87318223213661,3455514975,0
1763637718719,1330,6035510,87318167024721,87318223253237,889694724,0
1763637718719,1333,7891554,87318158323903,87318223129033,973241442,0
1763637718719,1340,710304,87318216627730,87318223261298,891425187,0
1763637718719,1328,964000,87318214738665,87318223128159,984507385,0
1763637718719,1341,19979406,87318128247035,87318223256089,1717202962,0
1763637718719,1342,84583262,87318124874222,87318223373865,6895105791,0
1763637718719,1332,475642,87318220780624,87318223408603,798478099,0
1763637718719,1331,6077790,87318167025200,87318223449247,901312969,0
1763637718719,1327,7629402,87318167678645,87318223440948,1010368251,0
1763637718719,1338,2448012,87318204177915,87318223125537,969533276,0
1763637718820,1334,15373008,87318223845843,87318323751627,963689455,0
1763637718820,1336,6213038,87318258032353,87318322526860,862268909,0
1763637718820,1329,22080722,87318229645296,87318323806651,1699005048,0
1763637718820,1339,3836902,87318301517056,87318323805930,922493285,0
1763637718820,1337,507360,87318320875203,87318323868002,700537665,0
1763637718820,1335,45457334,87318227333353,87318323801233,3396701510,0
1763637718820,1330,9303738,87318267078607,87318323866488,831503248,0
1763637718820,1333,7811222,87318258338143,87318322468306,928130170,0
1763637718820,1340,1399468,87318316953194,87318323867559,940050342,0
1763637718820,1328,1617218,87318314738990,87318323751187,1045697413,0
1763637718820,1341,22391488,87318228329513,87318323950167,1698688354,0
1763637718820,1342,83915222,87318224950675,87318323981830,6881192814,0
1763637718820,1332,298066,87318321607144,87318325390553,955863477,0
1763637718820,1331,8375700,87318267077143,87318324795071,836220211,0
1763637718820,1327,10079552,87318267696981,87318326088674,1034516267,0
1763637718820,1338,1570694,87318305900979,87318325989789,941802497,0
1763637718925,1334,378414,87318424977767,87318428567598,1088832748,0
1763637718925,1336,5056688,87318358896984,87318429095202,868250850,0
1763637718925,1329,24074232,87318329703573,87318429174914,1792304447,0
1763637718925,1339,2082298,87318401557035,87318429181344,899937658,0
1763637718925,1337,1484028,87318420881771,87318429149147,1066698337,0
1763637718925,1335,930160,87318427413703,87318429214281,3734868974,0
1763637718925,1330,4014494,87318367079540,87318429233687,904082027,0
1763637718925,1333,9563736,87318358380399,87318428503686,1025813472,0
1763637718925,1340,854056,87318417421222,87318429270145,769404233,0
1763637718925,1328,1086596,87318414776638,87318428509717,979808030,0
1763637718925,1341,238890,87318428375404,87318429328912,1864829865,0
1763637718925,1342,3752342,87318424983209,87318429353101,6768020254,0
1763637718925,1332,758934,87318421677357,87318429393525,1069858608,0
1763637718925,1331,11062570,87318367078145,87318429437845,1049852495,0
1763637718925,1327,10684140,87318368878793,87318429332422,1151238477,0
1763637718925,1338,4955216,87318405904192,87318429118219,978498299,0
1763637719026,1334,602498,87318525029135,87318529652031,826701769,0
1763637719026,1336,3333770,87318458950880,87318498995150,763225333,0
1763637719026,1329,24228546,87318429747201,87318529704328,1866984828,0
1763637719026,1339,4521854,87318501584954,87318529664850,809416954,0
1763637719026,1337,0,87318521782765,87318521782765,1120235359,0
1763637719026,1335,1181718,87318527415824,87318529722453,3798828802,0
1763637719026,1330,8354528,87318467750084,87318529743760,707139505,0
1763637719026,1333,13865718,87318458397018,87318529298125,1121553345,0
1763637719026,1340,1538992,87318517421619,87318529750976,765135726,0
1763637719026,1328,1686972,87318514808715,87318529651593,773681227,0
1763637719026,1341,353030,87318528425029,87318529736691,1903612255,0
1763637719026,1342,4145546,87318524983573,87318529813311,6768258128,0
1763637719026,1332,1097174,87318521891063,87318528716796,1032516570,0
1763637719026,1331,8735048,87318467135415,87318528812108,1233725358,0
1763637719026,1327,11354302,87318468896935,87318529967245,1302111198,0
1763637719026,1338,4367540,87318505921437,87318533265987,1278734282,0
1763637719130,1334,1382572,87318625053653,87318633375794,1009606054,0
1763637719130,1336,12417636,87318559025102,87318633393957,643554248,0
1763637719130,1329,904792,87318629761502,87318633437181,1874910960,0
1763637719130,1339,2883496,87318602315019,87318633016139,826207341,0
1763637719130,1337,1154244,87318621938537,87318633484955,986228558,0
1763637719130,1335,2669974,87318628029002,87318633482577,3710744841,0
1763637719130,1330,8259422,87318568874905,87318633484058,878783715,0
1763637719130,1333,9882942,87318558397331,87318633311408,1268541657,0
1763637719130,1340,2403626,87318618191312,87318633511514,952596790,0
1763637719130,1328,3033582,87318614816832,87318633376678,959602922,0
1763637719130,1341,1276856,87318628428777,87318633561744,1877365197,0
1763637719130,1342,4769184,87318627933322,87318633606798,6552159323,0
1763637719130,1332,1255716,87318621996329,87318633636122,1205374000,0
1763637719130,1331,7866202,87318568340957,87318633682832,1160540652,0
1763637719130,1327,5208896,87318569334028,87318633704092,1257659296,0
1763637719130,1338,4054636,87318605938390,87318633377121,1174795169,0
1763637719230,1334,1217664,87318725122309,87318733955709,1054066564,0
1763637719230,1336,9381964,87318659050649,87318736060583,945248165,0
1763637719230,1329,1486134,87318729845667,87318736075964,1881703313,0
1763637719230,1339,4029284,87318702343969,87318736095102,860974171,0
1763637719230,1337,1718674,87318722181259,87318736044013,976471783,0
1763637719230,1335,3819990,87318728040366,87318736125394,3747948388,0
1763637719230,1330,8166390,87318668918528,87318736146191,944503352,0
1763637719230,1333,10538298,87318658399890,87318736051602,1165801386,0
1763637719230,1340,2185876,87318718232740,87318736176718,993253830,0
1763637719230,1328,2932142,87318714838699,87318736052499,1046566486,0
1763637719230,1341,1851864,87318728429006,87318736211023,1881946918,0
1763637719230,1342,7033286,87318727950941,87318736241880,6663378933,0
1763637719230,1332,1735586,87318722091808,87318736288485,1084474274,0
1763637719230,1331,8379928,87318668382124,87318736312837,1067390673,0
1763637719230,1327,8136810,87318669334786,87318736346030,1013238414,0
1763637719230,1338,4143456,87318705952486,87318736052954,1149387726,0
1763637719335,1334,1942774,87318825135450,87318839092454,1073897418,0
1763637719335,1336,9847060,87318759053313,87318839134870,962468713,0
1763637719335,1329,2253524,87318829885870,87318839139566,1887543058,0
1763637719335,1339,4595836,87318802366352,87318839133532,912710029,0
1763637719335,1337,2097088,87318822955214,87318839154176,857442399,0
1763637719335,1335,5308246,87318828077869,87318839193914,3759293382,0
1763637719335,1330,10878660,87318769785506,87318839183265,956975784,0
1763637719335,1333,11066798,87318758430080,87318839093771,1124513420,0
1763637719335,1340,2824304,87318818543342,87318839251765,1124058499,0
1763637719335,1328,3278822,87318814862971,87318839093332,1068817470,0
1763637719335,1341,2602326,87318828474124,87318839195229,1888717455,0
1763637719335,1342,9627156,87318827950977,87318839305324,6721276166,0
1763637719335,1332,2158402,87318822131888,87318839362357,1033674568,0
1763637719335,1331,5714134,87318768396583,87318839128084,1028216873,0
1763637719335,1327,8749902,87318769352367,87318839402696,996053239,0
1763637719335,1338,4466890,87318805953327,87318839094209,1120103196,0
1763637719437,1334,2211244,87318925154193,87318941124446,1084880970,0
1763637719437,1336,10229654,87318859093531,87318941170871,974614248,0
1763637719437,1329,2722832,87318929939735,87318941180675,1899376392,0
1763637719437,1339,4756516,87318902397463,87318941171316,949356196,0
1763637719437,1337,1076018,87318924007453,87318940910057,936991065,0
1763637719437,1335,6492086,87318928095463,87318941217329,3772104771,0
1763637719437,1330,9673664,87318869786372,87318941249159,1067528390,0
1763637719437,1333,11377596,87318858458948,87318941126220,1109286873,0
1763637719437,1340,3830568,87318920221726,87318940494195,1030409942,0
1763637719437,1328,3604394,87318914891566,87318941125777,1079242459,0
1763637719437,1341,3109686,87318928506058,87318941309284,1898736356,0
1763637719437,1342,11322584,87318927951030,87318941260935,6707690229,0
1763637719437,1332,2458574,87318922152773,87318941389281,1013864599,0
1763637719437,1331,8394702,87318868430713,87318941436340,887059868,0
1763637719437,1327,9157896,87318869364973,87318941436778,998731020,0
1763637719437,1338,4841076,87318905964435,87318941124003,1103712008,0
1763637719538,1334,2321172,87319025194256,87319041737325,1093299554,0
1763637719538,1336,10212790,87318959142995,87319041767191,983430201,0
1763637719538,1329,2875040,87319029997881,87319041773994,1901111461,0
1763637719538,1339,4798796,87319002421769,87319041765377,966106251,0
1763637719538,1337,2261980,87319024422433,87319041531036,947821943,0
1763637719538,1335,6593558,87319028140076,87319041837418,3807751217,0
1763637719538,1330,8119866,87318969832696,87319040132101,1010461769,0
1763637719538,1333,11470612,87318958459718,87319041740132,1103013054,0
1763637719538,1340,2266208,87319020231868,87319041903273,1053459981,0
1763637719538,1328,3731218,87319014928749,87319041739085,1086267809,0
1763637719538,1341,3225964,87319028525366,87319041913263,1902428721,0
1763637719538,1342,11937766,87319027955784,87319041903538,6738536126,0
1763637719538,1332,3376082,87319022211323,87319049106040,1003180626,0
1763637719538,1331,10468544,87318968434615,87319049169774,952307921,0
1763637719538,1327,9899934,87318969368699,87319049177444,1003496646,0
1763637719538,1338,5828306,87319006025279,87319049105700,1098879732,0
1763637719647,1334,3528258,87319125248561,87319151048817,1097851406,0
1763637719647,1336,12719946,87319059167522,87319150517814,986779596,0
1763637719647,1329,5058794,87319129998618,87319151089842,1910727774,0
1763637719647,1339,5523890,87319102424036,87319151123296,982030693,0
1763637719647,1337,5001724,87319124570403,87319151144130,1050433571,0
1763637719647,1335,11024502,87319128178848,87319151151408,3827039079,0
1763637719647,1330,6870500,87319110006008,87319151176197,805289029,0
1763637719647,1333,12694578,87319058468919,87319151050588,1101436087,0
1763637719647,1340,2088648,87319120253589,87319151214156,1088170679,0
1763637719647,1328,4993252,87319114942812,87319151049703,1091005657,0
1763637719647,1341,5479488,87319128546072,87319151228316,1910264419,0
1763637719647,1342,19717286,87319127968861,87319151273188,6753931370,0
1763637719647,1332,3160438,87319122217398,87319151302039,1007737004,0
1763637719647,1331,9460142,87319069539995,87319151362449,960320876,0
1763637719647,1327,9506650,87319069368985,87319151349798,1000485616,0
1763637719647,1338,6278580,87319106070117,87319151050145,1098579002,0
1763637719748,1334,3733324,87319225262497,87319252104186,1113624846,0
1763637719748,1336,7887326,87319162040401,87319252143892,991349148,0
1763637719748,1329,5316702,87319230079475,87319252140313,1955238458,0
1763637719748,1339,4712114,87319202441365,87319250993118,846190678,0
1763637719748,1337,4025056,87319224594675,87319251567835,1245239861,0
1763637719748,1335,11658702,87319228179019,87319252218786,3913529239,0
1763637719748,1330,7092462,87319210685084,87319252230473,1084976402,0
1763637719748,1333,13075082,87319158521631,87319252103745,1103618758,0
1763637719748,1340,2822182,87319220904061,87319252233383,850819002,0
1763637719748,1328,5164478,87319214948126,87319252105071,1105091171,0
1763637719748,1341,5741624,87319228554242,87319252298408,1955902606,0
1763637719748,1342,20562886,87319227979571,87319252344089,6718419015,0
1763637719748,1332,4585258,87319222228883,87319252330603,842662471,0
1763637719748,1331,6574540,87319169560858,87319252322677,931362703,0
1763637719748,1327,16208062,87319169574343,87319251273352,951374133,0
1763637719748,1338,6483614,87319206086772,87319252104630,1116930800,0
1763637719851,1334,4963672,87319325291375,87319361072078,1102743888,0
1763637719851,1336,13007434,87319263653584,87319361094502,885382669,0
1763637719851,1329,7439174,87319330099417,87319361078408,1937099009,0
1763637719851,1339,4855850,87319303374881,87319343731729,792305582,0
1763637719851,1337,4555678,87319324641330,87319361152169,1141322329,0
1763637719851,1335,15759862,87319328191450,87319361167348,3863862908,0
1763637719851,1330,6274352,87319310696621,87319361151282,1115823735,0
1763637719851,1333,346696,87319358577548,87319361071638,1099223159,0
1763637719851,1340,5088406,87319320914178,87319361215336,882663720,0
1763637719851,1328,6377946,87319314964828,87319361071199,1099218600,0
1763637719851,1341,7883098,87319328590109,87319361248582,1937109921,0
1763637719851,1342,28393142,87319327982220,87319361293924,6741519910,0
1763637719851,1332,4950988,87319322687536,87319360920968,1005077784,0
1763637719851,1331,11424104,87319269562352,87319361369419,817530574,0
1763637719851,1327,12185112,87319269741291,87319361378172,1187171577,0
1763637719851,1338,7610416,87319306087031,87319361072518,1127128967,0
1763637719958,1334,5883254,87319425326080,87319461714597,1091861007,0
1763637719958,1336,11696770,87319363709933,87319461756237,991598910,0
1763637719958,1329,7413790,87319430190402,87319461768559,1921435081,0
1763637719958,1339,7096706,87319403421540,87319461755793,789426653,0
1763637719958,1337,4610642,87319424643788,87319461742237,1064226072,0
1763637719958,1335,15793686,87319428223391,87319461820527,3847111086,0
1763637719958,1330,6240576,87319410722385,87319461742680,1057026155,0
1763637719958,1333,539078,87319458579072,87319461713711,1121651581,0
1763637719958,1340,4970022,87319420920470,87319461878652,940459734,0
1763637719958,1328,7274282,87319414968540,87319461715039,1096269727,0
1763637719958,1341,7817572,87319428601989,87319461904795,1922954857,0
1763637719958,1342,28680646,87319428007700,87319461941928,6753650954,0
1763637719958,1332,7098812,87319422691821,87319465123564,977239031,0
1763637719958,1331,11713730,87319369576453,87319465207644,908108794,0
1763637719958,1327,10280390,87319370035595,87319465192174,1127449167,0
1763637719958,1338,5646486,87319406118215,87319465173168,1109061655,0
1763637720062,1334,5454136,87319525471538,87319565508352,1123227179,0
1763637720062,1336,228312,87319563749107,87319565591781,953489258,0
1763637720062,1329,8250934,87319530327616,87319565618859,1898385169,0
1763637720062,1339,7572332,87319503425503,87319565628530,886157850,0
1763637720062,1337,4929848,87319524762037,87319565592140,1025109033,0
1763637720062,1335,17518710,87319528283215,87319565668104,3801693405,0
1763637720062,1330,6652766,87319510770460,87319565626138,1017459856,0
1763637720062,1333,953422,87319558589854,87319565570833,1093496997,0
1763637720062,1340,5432980,87319520939487,87319565704349,960754983,0
1763637720062,1328,6843026,87319515007224,87319565570393,1125372764,0
1763637720062,1341,8677962,87319528603225,87319565766319,1898559766,0
1763637720062,1342,31690982,87319528027021,87319565792083,6736928911,0
1763637720062,1332,5236402,87319522763871,87319565845232,1064229428,0
1763637720062,1331,11648204,87319469673602,87319565858994,944704775,0
1763637720062,1327,11701030,87319470142654,87319565878366,988015541,0
1763637720062,1338,8058584,87319506123225,87319565569513,1007580609,0
1763637720165,1334,6204582,87319625471830,87319671038521,1105672320,0
1763637720165,1336,835038,87319663839780,87319671014807,956696402,0
1763637720165,1329,9529912,87319630356265,87319671073680,1876296178,0
1763637720165,1339,7819726,87319603721783,87319671012573,916481049,0
1763637720165,1337,5468942,87319624788693,87319671137110,997379121,0
1763637720165,1335,19837776,87319628316270,87319671146388,3772724593,0
1763637720165,1330,7242596,87319610801664,87319671142180,994206839,0
1763637720165,1333,1699672,87319658613311,87319671038081,1082817392,0
1763637720165,1340,5997410,87319620952021,87319671174042,965606832,0
1763637720165,1328,7639980,87319615052498,87319671038962,1101428551,0
1763637720165,1341,9920994,87319628611693,87319671221487,1877162749,0
1763637720165,1342,36244538,87319628036130,87319671267007,6720793971,0
1763637720165,1332,5802970,87319622812594,87319671308887,1021311562,0
1763637720165,1331,215644,87319669720599,87319671341047,958371669,0
1763637720165,1327,152208,87319670194114,87319671347033,968220156,0
1763637720165,1338,8847082,87319606160426,87319671034974,1044857901,0
1763637720268,1334,6244804,87319725556098,87319771528607,1095677038,0
1763637720268,1336,925932,87319763850216,87319771576183,953866575,0
1763637720268,1329,9591210,87319730402178,87319771573869,1866613722,0
1763637720268,1339,8200214,87319703748516,87319771576971,926832935,0
1763637720268,1337,5631696,87319724855344,87319771637979,979602866,0
1763637720268,1335,20110474,87319728316659,87319771633753,3729594006,0
1763637720268,1330,7251036,87319710807688,87319771639344,980167839,0
1763637720268,1333,1735602,87319758620395,87319771530010,1082978091,0
1763637720268,1340,6149634,87319721018767,87319771671548,961600797,0
1763637720268,1328,7661136,87319715082263,87319771529493,1092920087,0
1763637720268,1341,10003448,87319728612358,87319771716441,1866367524,0
1763637720268,1342,36540498,87319728051321,87319771772154,6713875398,0
1763637720268,1332,5991076,87319722859402,87319771816339,988284932,0
1763637720268,1331,293854,87319769783324,87319771847152,960033183,0
1763637720268,1327,228328,87319770195329,87319771853688,968126917,0
1763637720268,1338,8754082,87319706168855,87319771529050,1064413506,0
1763637720368,1334,6337820,87319825556120,87319872222023,1086828320,0
1763637720368,1336,839250,87319864232992,87319872251419,946980778,0
1763637720368,1329,9764558,87319830419577,87319872242597,1851806891,0
1763637720368,1339,7813360,87319803845340,87319872279554,946969711,0
1763637720368,1337,5769114,87319824857082,87319872301657,970856512,0
1763637720368,1335,20326102,87319828317478,87319872311320,3720535564,0
1763637720368,1330,7377892,87319810827845,87319872337572,972657047,0
1763637720368,1333,1870898,87319858665929,87319872222904,1077947414,0
1763637720368,1340,6202476,87319821093597,87319872364188,968939204,0
1763637720368,1328,7747834,87319815093219,87319872218210,1086993862,0
1763637720368,1341,10261356,87319828630608,87319872420733,1850069310,0
1763637720368,1342,36933702,87319828054799,87319872437742,6690515197,0
1763637720368,1332,5758568,87319822885427,87319872492125,974741310,0
1763637720368,1331,369958,87319869785660,87319872532117,966057397,0
1763637720368,1327,323450,87319870273374,87319872525206,993649352,0
1763637720368,1338,8866148,87319806177106,87319872222464,1069119092,0
1763637720470,1334,6542822,87319925612521,87319974248864,1081253213,0
1763637720470,1336,1177490,87319964262238,87319974281051,949002280,0
1763637720470,1329,10193708,87319930455429,87319974263889,1866211766,0
1763637720470,1339,8352422,87319903853212,87319974311233,935654073,0
1763637720470,1337,5963618,87319924873610,87319974342236,971400734,0
1763637720470,1335,21340822,87319928394099,87319974340291,3712403856,0
1763637720470,1330,7566046,87319910844624,87319974341326,970524640,0
1763637720470,1333,2097088,87319958728050,87319974247983,1084302863,0
1763637720470,1340,6487890,87319921115834,87319974405252,965762976,0
1763637720470,1328,7959202,87319915214900,87319974248424,1080393150,0
1763637720470,1341,10675700,87319928631476,87319974449357,1866348404,0
1763637720470,1342,38601640,87319928055233,87319974468228,6670396367,0
1763637720470,1332,6136966,87319922907574,87319974443296,955731247,0
1763637720470,1331,581342,87319969848625,87319974544949,964804148,0
1763637720470,1327,536956,87319970292554,87319974549071,976443165,0
1763637720470,1338,9098640,87319906210415,87319974249305,1068463947,0
1763637720571,1334,6857816,87320025639827,87320074774232,1075491356,0
1763637720571,1336,2390926,87320064271098,87320074300501,1045064028,0
1763637720571,1329,10280374,87320030467538,87320074807833,1865013358,0
1763637720571,1339,5132808,87320003911673,87320074845935,942946237,0
1763637720571,1337,6022794,87320025013344,87320074856259,970990811,0
1763637720571,1335,21717114,87320028413061,87320074893397,3721580054,0
1763637720571,1330,7783764,87320010889189,87320074892785,964928156,0
1763637720571,1333,2223928,87320058778836,87320074775553,1092695032,0
1763637720571,1340,6509014,87320021177666,87320074893470,970238625,0
1763637720571,1328,8191758,87320015234683,87320074775113,1083386795,0
1763637720571,1341,10772944,87320028665785,87320074950307,1863945343,0
1763637720571,1342,43597030,87320028138282,87320080097196,6657084590,0
1763637720571,1332,2784130,87320022929473,87320078584907,956880883,0
1763637720571,1331,1291678,87320069885501,87320080195515,970473452,0
1763637720571,1327,1623552,87320070302818,87320079174589,1088453014,0
1763637720571,1338,9534108,87320006245757,87320080085975,1067700635,0
1763637720677,1334,8599736,87320125663934,87320179687806,1093170981,0
1763637720677,1336,1367750,87320165535698,87320179188715,890367486,0
1763637720677,1329,12178746,87320130517084,87320180512885,1866093883,0
1763637720677,1339,9743434,87320103915816,87320179255450,873201994,0
1763637720677,1337,12100552,87320125079958,87320180551344,971054994,0
1763637720677,1335,25467350,87320128416674,87320180567155,3725101549,0
1763637720677,1330,5060900,87320110904017,87320180573594,967767797,0
1763637720677,1333,1479800,87320160501222,87320180459624,1078368068,0
1763637720677,1340,3752342,87320121233060,87320179622670,969718553,0
1763637720677,1328,7515278,87320115246233,87320180460065,1089072895,0
1763637720677,1341,12785472,87320128665906,87320180659169,1862554025,0
1763637720677,1342,44036742,87320128153928,87320180682239,6671183465,0
1763637720677,1332,10567894,87320123028770,87320180736253,882743141,0
1763637720677,1331,947072,87320171060036,87320180052521,838356807,0
1763637720677,1327,1264172,87320170348189,87320179696331,949169420,0
1763637720677,1338,12056134,87320106268370,87320180459180,1055043260,0
1763637720777,1334,6268018,87320225679345,87320281152625,1153632098,0
1763637720777,1336,2306366,87320265574054,87320280900369,934175465,0
1763637720777,1329,12187202,87320230561425,87320281197912,1888320483,0
1763637720777,1339,11747490,87320203930186,87320280858329,900177181,0
1763637720777,1337,5650714,87320225116918,87320281165350,1208418076,0
1763637720777,1335,25647048,87320228417030,87320281266722,3785860807,0
1763637720777,1330,11102728,87320211918104,87320281225686,765069155,0
1763637720777,1333,2331734,87320260945558,87320280107831,1077468880,0
1763637720777,1340,6358912,87320221371148,87320281224804,864432012,0
1763637720777,1328,9984414,87320216354473,87320280107392,1014889249,0
1763637720777,1341,12664966,87320228668758,87320281329172,1891936094,0
1763637720777,1342,44239686,87320228169263,87320281384627,6680948801,0
1763637720777,1332,5261754,87320223675009,87320281417097,1140477753,0
1763637720777,1331,1727130,87320271944725,87320281467956,855956753,0
1763637720777,1327,1310680,87320270374004,87320281475599,856866343,0
1763637720777,1338,8521542,87320206297675,87320281151737,1165085671,0
1763637720878,1334,5984726,87320328248089,87320381235628,1127942930,0
1763637720878,1336,2217594,87320365574606,87320381288239,965904099,0
1763637720878,1329,12316164,87320330602879,87320381946665,1894558903,0
1763637720878,1339,9453808,87320304890186,87320381288686,1030182251,0
1763637720878,1337,6460384,87320325132271,87320388042901,1139306804,0
1763637720878,1335,28274742,87320328443035,87320388053180,3812873602,0
1763637720878,1330,10889222,87320312035395,87320388049117,900449030,0
1763637720878,1333,3674132,87320362904935,87320387802293,1080963410,0
1763637720878,1340,8794240,87320322307177,87320386942152,783069198,0
1763637720878,1328,8921080,87320316972369,87320373368811,1016311476,0
1763637720878,1341,14220870,87320328682421,87320388135501,1896799894,0
1763637720878,1342,49685350,87320328241549,87320388191928,6660943925,0
1763637720878,1332,7997254,87320324192621,87320388090535,976560506,0
1763637720878,1331,1050650,87320372069678,87320386942603,971949947,0
1763637720878,1327,2289470,87320370869004,87320388090977,906788592,0
1763637720878,1338,11238024,87320307451941,87320388042362,1041229412,0
1763637720985,1334,4919286,87320428301493,87320488366719,956542696,0
1763637720985,1336,3293612,87320467085622,87320488583592,978345219,0
1763637720985,1329,13633178,87320430637155,87320488576909,1900113178,0
1763637720985,1339,9269882,87320404940867,87320481403021,1011460760,0
1763637720985,1337,3578994,87320425188161,87320488073863,1013430255,0
1763637720985,1335,27877310,87320428516345,87320488663152,3801897159,0
1763637720985,1330,4986934,87320412049175,87320488074306,1020249485,0
1763637720985,1333,2232384,87320462973809,87320488366167,928513971,0
1763637720985,1340,11514950,87320422351350,87320488699287,922759860,0
1763637720985,1328,13962978,87320416986605,87320488551455,1098131429,0
1763637720985,1341,14140538,87320428722722,87320488727013,1899992925,0
1763637720985,1342,49922118,87320428267584,87320488708698,6636245544,0
1763637720985,1332,7743590,87320424249522,87320488818032,984956439,0
1763637720985,1331,2915214,87320472098267,87320488759912,997247685,0
1763637720985,1327,2181648,87320470905414,87320488858687,939522176,0
1763637720985,1338,14136326,87320407520430,87320488424276,1091088234,0
1763637721085,1334,7760502,87320528551778,87320590237098,862733576,0
1763637721085,1336,1213436,87320567898440,87320590200459,1041259706,0
1763637721085,1329,13969312,87320530674457,87320591199436,1883842268,0
1763637721085,1339,16009346,87320504950071,87320591232414,951996985,0
1763637721085,1337,4583136,87320525255989,87320591271366,734281174,0
1763637721085,1335,29111886,87320528646201,87320591280903,3760207180,0
1763637721085,1330,5276544,87320513324115,87320591277449,761529956,0
1763637721085,1333,3524030,87320564480867,87320590238876,915184841,0
1763637721085,1340,12087852,87320522381710,87320591310446,1154730548,0
1763637721085,1328,10880766,87320517657281,87320591160710,1276140756,0
1763637721085,1341,14444954,87320528746578,87320591276253,1884161608,0
1763637721085,1342,52086854,87320528279451,87320591328809,6618953462,0
1763637721085,1332,7143198,87320525430300,87320591386501,930819897,0
1763637721085,1331,3202718,87320572188133,87320591468683,1147799494,0
1763637721085,1327,2507204,87320571263763,87320591023949,775027728,0
1763637721085,1338,12064606,87320507560210,87320591163818,1235279340,0
1763637721192,1334,9030992,87320629969375,87320696157610,949228081,0
1763637721192,1336,2934232,87320669844159,87320695834015,897371047,0
1763637721192,1329,15022084,87320630692320,87320696178977,1873098637,0
1763637721192,1339,13457724,87320606104704,87320694675361,1197338858,0
1763637721192,1337,8743504,87320625312552,87320696271543,695892395,0
1763637721192,1335,30879190,87320628677954,87320696247801,3749300783,0
1763637721192,1330,10261356,87320613324955,87320696273532,680273982,0
1763637721192,1333,4619082,87320664733424,87320696158256,995136016,0
1763637721192,1340,8726592,87320622439128,87320696269192,1234949382,0
1763637721192,1328,10331110,87320617657600,87320696159591,1211639348,0
1763637721192,1341,15523094,87320628762470,87320696315669,1872938472,0
1763637721192,1342,57194278,87320628289214,87320696353809,6622552315,0
1763637721192,1332,7238336,87320625795829,87320696399402,893325712,0
1763637721192,1331,2570624,87320673034913,87320696318799,1111295189,0
1763637721192,1327,3477522,87320671588419,87320696400293,805742778,0
1763637721192,1338,11506494,87320607783986,87320696160037,1179721226,0
1763637721293,1334,8561716,87320730009274,87320796840662,991914842,0
1763637721293,1336,3249242,87320769905155,87320796850535,954384107,0
1763637721293,1329,14453410,87320730704918,87320796874654,1812227240,0
1763637721293,1339,9527806,87320707908404,87320796893804,1156429824,0
1763637721293,1337,8257316,87320725312940,87320796935608,830190326,0
1763637721293,1335,29729174,87320728710831,87320796940423,3616690141,0
1763637721293,1330,9705382,87320713327054,87320796934719,825416964,0
1763637721293,1333,4428822,87320764737072,87320796839332,1017339046,0
1763637721293,1340,8629364,87320722450465,87320796997090,1070834013,0
1763637721293,1328,10570016,87320717683274,87320799008430,1119305281,0
1763637721293,1341,15413182,87320728789357,87320799047179,1813204948,0
1763637721293,1342,59621134,87320728289495,87320799091258,6693244174,0
1763637721293,1332,8037444,87320728279546,87320799112408,928773004,0
1763637721293,1331,3238680,87320773088842,87320799153514,985403751,0
1763637721293,1327,3312646,87320771645250,87320799164923,830924202,0
1763637721293,1338,11411388,87320707820939,87320799007543,1101258995,0
1763637721398,1334,9842784,87320830057476,87320902162702,1016005387,0
1763637721398,1336,4321016,87320869969853,87320900172307,1042958094,0
1763637721398,1329,17015578,87320830769457,87320902135519,1791730851,0
1763637721398,1339,6318754,87320807955406,87320900479640,1012142637,0
1763637721398,1337,9498226,87320825370167,87320902265914,879657867,0
1763637721398,1335,35005718,87320828749304,87320902267894,3578688606,0
1763637721398,1330,11047780,87320813327965,87320902265466,878800235,0
1763637721398,1333,5185650,87320864737291,87320902162260,1049090979,0
1763637721398,1340,9889292,87320822566372,87320902308830,1004689087,0
1763637721398,1328,11901820,87320817737914,87320902163144,1085244417,0
1763637721398,1341,17525060,87320828890232,87320902348776,1791307228,0
1763637721398,1342,53642758,87320828296605,87320902386577,6703499653,0
1763637721398,1332,11838432,87320828304152,87320902350105,924029002,0
1763637721398,1331,3798850,87320873116078,87320902470688,980059138,0
1763637721398,1327,4874884,87320873758746,87320901123913,799950278,0
1763637721398,1338,12895416,87320807833236,87320902158730,1052009922,0
1763637721499,1334,9179004,87320930057853,87321002683046,1052058402,0
1763637721499,1336,4955216,87320970018327,87321002664407,1120296696,0
1763637721499,1329,15618232,87320930787495,87321002736586,1844372653,0
1763637721499,1339,6566084,87320909719127,87321002748377,794991021,0
1763637721499,1337,8754130,87320925386451,87321002793116,932818975,0
1763637721499,1335,31927734,87320928785266,87321002797159,3696332112,0
1763637721499,1330,10354388,87320913379062,87321002792675,934585732,0
1763637721499,1333,4483786,87320964782533,87321002681718,1068273656,0
1763637721499,1340,9090216,87320922641189,87321002845016,995974744,0
1763637721499,1328,10895540,87320917748725,87321002682162,1102348896,0
1763637721499,1341,16161522,87320928891727,87321002887658,1841865868,0
1763637721499,1342,62166406,87320928316238,87321002905816,6365553006,0
1763637721499,1332,5874798,87320928307035,87321002961523,1039882801,0
1763637721499,1331,3126630,87320973125178,87321002987407,980432942,0
1763637721499,1327,4707870,87320973829897,87321008261529,1017585702,0
1763637721499,1338,40158,87321007904589,87321008251630,1038433076,0
1763637721605,1334,9460174,87321030071176,87321108479863,1018610774,0
1763637721605,1336,5439314,87321070758030,87321108498405,924528298,0
1763637721605,1329,16286256,87321030951353,87321108526222,1773410327,0
1763637721605,1339,5367438,87321010298286,87321108215900,702512656,0
1763637721605,1337,9320650,87321025490423,87321108586073,911158353,0
1763637721605,1335,33720406,87321028817914,87321108580412,3540166611,0
1763637721605,1330,10550998,87321013433537,87321108594316,925782703,0
1763637721605,1333,5261754,87321064819995,87321108481199,1007326441,0
1763637721605,1340,9618716,87321022664113,87321108619234,946138157,0
1763637721605,1328,10946308,87321017850724,87321108480753,1054216470,0
1763637721605,1341,16717512,87321028971738,87321108671877,1777685837,0
1763637721605,1342,68379444,87321028364140,87321108716652,6506759928,0
1763637721605,1332,4107510,87321028416866,87321108215013,890076157,0
1763637721605,1331,4039846,87321073191079,87321108782349,924909204,0
1763637721605,1327,7553330,87321073914737,87321108426387,1373530487,0
1763637721605,1338,65542,87321107945252,87321108480309,993067216,0
1763637721705,1334,9802626,87321130105564,87321211035406,987751738,0
1763637721705,1336,5244826,87321170760526,87321211049220,1094757161,0
1763637721705,1329,16914106,87321130970362,87321211052225,1730284487,0
1763637721705,1339,152208,87321210418713,87321211047705,589433106,0
1763637721705,1337,9377752,87321125566922,87321211134421,904082475,0
1763637721705,1335,34938070,87321128853058,87321211143573,3464746613,0
1763637721705,1330,10817410,87321113546266,87321211142290,905572241,0
1763637721705,1333,5481610,87321164863957,87321211033612,981978303,0
1763637721705,1340,9832238,87321122664538,87321211184583,919967739,0
1763637721705,1328,11278198,87321117851038,87321211034508,1009944958,0
1763637721705,1341,17387642,87321129035005,87321211216895,1728668865,0
1763637721705,1342,70148870,87321128369303,87321211262084,6654545801,0
1763637721705,1332,6807080,87321128428342,87321211191488,660049803,0
1763637721705,1331,4151928,87321173258400,87321211319212,912350447,0
1763637721705,1327,4764956,87321173914801,87321211301338,1425650690,0
1763637721705,1338,346696,87321207946853,87321211034963,974036603,0
1763637721808,1334,9515122,87321230174151,87321311717578,974355762,0
1763637721808,1336,2627710,87321270948952,87321311733090,1039605017,0
1763637721808,1329,16966964,87321230970450,87321311752875,1708458061,0
1763637721808,1339,217750,87321310517016,87321311777374,784936651,0
1763637721808,1337,9379858,87321225697307,87321311804041,889155785,0
1763637721808,1335,34633654,87321228867794,87321311765769,3424676888,0
1763637721808,1330,10743380,87321213593456,87321311841302,896519922,0
1763637721808,1333,5487960,87321264864398,87321311717138,963087149,0
1763637721808,1340,9760346,87321222680576,87321311869425,901993939,0
1763637721808,1328,11373336,87321217861939,87321311716697,988011422,0
1763637721808,1341,17432044,87321229057270,87321311910223,1706617858,0
1763637721808,1342,70081222,87321228459931,87321311917481,6709313744,0
1763637721808,1332,12927102,87321228571630,87321318042484,667189545,0
1763637721808,1331,4885478,87321273344194,87321318081115,895174268,0
1763637721808,1327,3048372,87321274739747,87321317957260,1203873582,0
1763637721808,1338,1204996,87321307974654,87321318081747,947827711,0
1763637721915,1334,11958890,87321330216815,87321416114829,949693513,0
1763637721915,1336,2782008,87321372219406,87321417341017,837517209,0
1763637721915,1329,18190962,87321331068372,87321418469396,1689118290,0
1763637721915,1339,1367750,87321410624046,87321418496393,1061636434,0
1763637721915,1337,9921042,87321325733221,87321418518402,882950535,0
1763637721915,1335,37339574,87321328894108,87321418446499,3378746665,0
1763637721915,1330,558096,87321413652017,87321418517516,877684577,0
1763637721915,1333,5196212,87321364865169,87321418431212,949666045,0
1763637721915,1340,10320564,87321322735527,87321418562018,890467476,0
1763637721915,1328,10168356,87321317956606,87321417531607,975627294,0
1763637721915,1341,18632796,87321329156074,87321418602830,1690218269,0
1763637721915,1342,75459238,87321328465047,87321418615147,6711178912,0
1763637721915,1332,10614402,87321330364472,87321418707717,908194310,0
1763637721915,1331,5234280,87321373357817,87321418712178,876249857,0
1763637721915,1327,2479714,87321376508921,87321417341889,936041340,0
1763637721915,1338,1443854,87321409924319,87321417238799,981774121,0
1763637722015,1334,13229412,87321430248296,87321519059823,1007238034,0
1763637722015,1336,7650558,87321472432393,87321517723769,744888071,0
1763637722015,1329,18793460,87321431185576,87321519116896,1682412347,0
1763637722015,1339,443924,87321512433606,87321519113342,965622099,0
1763637722015,1337,10441054,87321425782758,87321519150509,871251569,0
1763637722015,1335,38692534,87321428965572,87321519116452,3365845658,0
1763637722015,1330,684952,87321513653713,87321519183013,889540724,0
1763637722015,1333,7215074,87321464931682,87321519059380,984137708,0
1763637722015,1340,10842714,87321422793400,87321519218531,877931163,0
1763637722015,1328,6334,87321519053794,87321519058935,778950672,0
1763637722015,1341,19247962,87321429179026,87321519246698,1682061037,0
1763637722015,1342,76981318,87321428469094,87321519269260,6704029944,0
1763637722015,1332,8286896,87321430412107,87321519345109,959779073,0
1763637722015,1331,5249054,87321473384428,87321519356764,892516250,0
1763637722015,1327,7158004,87321477905314,87321519157580,785506914,0
1763637722015,1338,1534764,87321510464947,87321519058492,822934797,0
1763637722116,1334,9699016,87321531520891,87321619477576,1056121735,0
1763637722116,1336,7847168,87321572439599,87321619701431,1047860644,0
1763637722116,1329,18806144,87321531185903,87321619743873,1698980008,0
1763637722116,1339,782180,87321612433690,87321619453824,736659316,0
1763637722116,1337,10515084,87321525811879,87321619800321,882903452,0
1763637722116,1335,38827830,87321528988768,87321619809185,3406194138,0
1763637722116,1330,642656,87321613728366,87321619739461,891674894,0
1763637722116,1333,6496314,87321565392217,87321619533144,939949646,0
1763637722116,1340,10857504,87321522859123,87321619846141,891487290,0
1763637722116,1328,131068,87321619054146,87321619698808,892520685,0
1763637722116,1341,19321960,87321529185283,87321619888207,1696893287,0
1763637722116,1342,77363944,87321528472365,87321619940917,6742421831,0
1763637722116,1332,6210916,87321530416081,87321619454265,835873629,0
1763637722116,1331,6054544,87321573391026,87321627310004,902682890,0
1763637722116,1327,7022708,87321577940783,87321627162905,1078883933,0
1763637722116,1338,2608676,87321610494653,87321627306369,913266494,0
1763637722224,1334,11481142,87321631559409,87321727488441,952472192,0
1763637722224,1336,8650488,87321673436673,87321727449420,1200011611,0
1763637722224,1329,20269032,87321631241114,87321727517718,1698426177,0
1763637722224,1339,972424,87321712473356,87321727450309,642872277,0
1763637722224,1337,232524,87321725876199,87321727583985,882637963,0
1763637722224,1335,41561240,87321629007962,87321727600335,3410204926,0
1763637722224,1330,1545342,87321713876178,87321727583089,886843427,0
1763637722224,1333,7462404,87321666722120,87321726780382,936545169,0
1763637722224,1340,543290,87321722979502,87321727628008,889737362,0
1763637722224,1328,974562,87321719058872,87321727198380,929836448,0
1763637722224,1341,20744674,87321629195528,87321727678304,1699878614,0
1763637722224,1342,83763030,87321628500666,87321727721795,6749948778,0
1763637722224,1332,6428666,87321632403401,87321727699786,688645055,0
1763637722224,1331,5961528,87321673409347,87321727783027,898838419,0
1763637722224,1327,7633646,87321679029691,87321727747721,1152172217,0
1763637722224,1338,1925846,87321712127914,87321727197942,949932935,0
1763637722325,1334,11045642,87321731585619,87321828082371,959116892,0
1763637722325,1336,8056462,87321773479560,87321826945568,1252613361,0
1763637722325,1329,20630518,87321731241927,87321828404258,1693876381,0
1763637722325,1339,2342296,87321812661461,87321828426665,602154652,0
1763637722325,1337,279048,87321825920910,87321828401560,883033326,0
1763637722325,1335,42649942,87321729017076,87321828462841,3394795504,0
1763637722325,1330,1676394,87321813906587,87321828402877,886974753,0
1763637722325,1333,6141178,87321766728478,87321826978590,1015509471,0
1763637722325,1340,627850,87321823080870,87321828523195,888274329,0
1763637722325,1328,1395240,87321819070462,87321828079749,940006121,0
1763637722325,1341,21082914,87321729229137,87321828570426,1693902699,0
1763637722325,1342,99366,87321828544624,87321828603384,6536919781,0
1763637722325,1332,5498506,87321732452428,87321828113922,609372741,0
1763637722325,1331,6069286,87321773448062,87321828683879,894120083,0
1763637722325,1327,7794310,87321779143542,87321828600868,1220714113,0
1763637722325,1338,1737708,87321812464021,87321828083244,912362747,0
1763637722425,1334,14713440,87321831585988,87321927200803,936772358,0
1763637722425,1336,7196056,87321873483556,87321929202621,1213130271,0
1763637722425,1329,20767936,87321831354927,87321929198215,1698171976,0
1763637722425,1339,2629816,87321912706717,87321929252947,674409570,0
1763637722425,1337,342468,87321925985230,87321929256181,882722239,0
1763637722425,1335,118384,87321929053258,87321929309196,3393275689,0
1763637722425,1330,1665832,87321913981629,87321929310823,889461668,0
1763637722425,1333,7974008,87321867177098,87321928035656,964444254,0
1763637722425,1340,687042,87321923156526,87321929351764,891882818,0
1763637722425,1328,1424836,87321919121766,87321929186640,851342138,0
1763637722425,1341,50736,87321929304875,87321929378056,1698451137,0
1763637722425,1342,775846,87321928594948,87321929414461,6609942482,0
1763637722425,1332,12848892,87321832655456,87321929465537,537599092,0
1763637722425,1331,6172912,87321873499741,87321929471753,894997831,0
1763637722425,1327,5566154,87321879149955,87321929514047,1087837075,0
1763637722425,1338,2122456,87321914267813,87321928290632,783278501,0
1763637722526,1334,10200042,87321933178895,87322029859104,1068754470,0
1763637722526,1336,6878956,87321973485080,87322029896999,1160762929,0
1763637722526,1329,20812322,87321931419274,87322029855848,1698874534,0
1763637722526,1339,2653062,87322013900563,87322029855487,695018954,0
1763637722526,1337,458746,87322025999280,87322029954726,882873327,0
1763637722526,1335,437590,87322029133151,87322029961081,3387839652,0
1763637722526,1330,1777866,87322014020920,87322029986804,885369942,0
1763637722526,1333,6458262,87321967191279,87322028792986,1017834091,0
1763637722526,1340,1276856,87322023166442,87322034207879,882227746,0
1763637722526,1328,936494,87322019708864,87322033390022,976475069,0
1763637722526,1341,1080246,87322029349654,87322034241566,1695208105,0
1763637722526,1342,4868550,87322028595121,87322034303326,6649482574,0
1763637722526,1332,44402,87322032676154,87322032856918,934890896,0
1763637722526,1331,6701428,87321973574791,87322034361465,888995812,0
1763637722526,1327,6342000,87321979305769,87322034294977,911772968,0
1763637722526,1338,1243032,87322014344240,87322033469157,874361280,0
1763637722631,1334,80332,87322133946089,87322134512972,957124375,0
1763637722631,1336,5834640,87322073536019,87322133421298,1008206254,0
1763637722631,1329,680708,87322131444809,87322134571123,1680378863,0
1763637722631,1339,2018862,87322113949506,87322134566278,980469847,0
1763637722631,1337,915354,87322126027332,87322134621616,933608199,0
1763637722631,1335,2264086,87322129184639,87322134632060,3385601772,0
1763637722631,1330,2139368,87322114151977,87322134647024,863159110,0
1763637722631,1333,6697168,87322067208321,87322134512531,1008327535,0
1763637722631,1340,1230348,87322123183819,87322134650771,863249558,0
1763637722631,1328,1809584,87322119742161,87322134300596,900414212,0
1763637722631,1341,1147894,87322129370143,87322134701957,1680856687,0
1763637722631,1342,5139142,87322128600531,87322134732093,6647431289,0
1763637722631,1332,240996,87322132677175,87322134778188,966175235,0
1763637722631,1331,6132706,87322073602565,87322134834507,884683088,0
1763637722631,1327,6141178,87322079528842,87322134609614,830328484,0
1763637722631,1338,2424750,87322114354392,87322134300150,831106008,0
1763637722734,1334,539062,87322235606238,87322236856929,796805435,0
1763637722734,1336,3739674,87322175310133,87322238090160,902583392,0
1763637722734,1329,1481906,87322231601588,87322238107343,1697552386,0
1763637722734,1339,4115950,87322213976459,87322238125663,1003544891,0
1763637722734,1337,1465026,87322226068362,87322238147073,912507067,0
1763637722734,1335,4090582,87322229193272,87322238152032,3427145879,0
1763637722734,1330,2735516,87322214174975,87322238146620,878293779,0
1763637722734,1333,6177108,87322167383224,87322238050499,858358031,0
1763637722734,1340,1718690,87322223221884,87322238189911,881735764,0
1763637722734,1328,2139368,87322220229823,87322238044291,1072493969,0
1763637722734,1341,1968126,87322229388682,87322238149522,1697369635,0
1763637722734,1342,8217126,87322228611753,87322238268453,6734145086,0
1763637722734,1332,1033738,87322232697779,87322238182014,1109294833,0
1763637722734,1331,7299666,87322173632704,87322238339094,860957137,0
1763637722734,1327,3625518,87322180908368,87322238302403,835130616,0
1763637722734,1338,2162614,87322215578131,87322237987501,1020031919,0
1763637722835,1334,327662,87322335655910,87322337102660,1051557962,0
1763637722835,1336,4872762,87322275324325,87322337052088,693268074,0
1763637722835,1329,1532658,87322331602025,87322338573624,1699530315,0
1763637722835,1339,4090582,87322314033478,87322337898238,1141526863,0
1763637722835,1337,1456554,87322326092288,87322338589954,911586670,0
1763637722835,1335,4056758,87322329245766,87322338636198,3421464878,0
1763637722835,1330,2722832,87322314220673,87322338643890,887702148,0
1763637722835,1333,11024502,87322267441295,87322337047298,870579889,0
1763637722835,1340,1744042,87322323311229,87322338683015,888554216,0
1763637722835,1328,2141474,87322320483374,87322338527745,830699676,0
1763637722835,1341,2020984,87322329506951,87322338712426,1700042725,0
1763637722835,1342,8631470,87322328611985,87322338738543,6770773766,0
1763637722835,1332,1037966,87322332722772,87322338806564,1189027105,0
1763637722835,1331,7314456,87322273713828,87322338811592,878453553,0
1763637722835,1327,4274492,87322280927544,87322338300903,663334419,0
1763637722835,1338,2513538,87322315609295,87322338528188,787117283,0
1763637722935,1334,678602,87322435671213,87322441163639,1008205155,0
1763637722935,1336,10356494,87322376536802,87322440172443,695692819,0
1763637722935,1329,2056914,87322431645638,87322441188872,1694912323,0
1763637722935,1339,1644676,87322414095357,87322440432443,974795100,0
1763637722935,1337,1661604,87322426124489,87322441235158,894942724,0
1763637722935,1335,5172950,87322429320483,87322441256774,3397965868,0
1763637722935,1330,3052632,87322414241508,87322441274403,890743403,0
1763637722935,1333,8544804,87322367500467,87322441162317,1036832079,0
1763637722935,1340,2016772,87322423415273,87322441303158,891303523,0
1763637722935,1328,2475502,87322420493450,87322441163192,886471327,0
1763637722935,1341,2568502,87322429621542,87322441338523,1692795299,0
1763637722935,1342,10855398,87322428627777,87322441297967,6786529454,0
1763637722935,1332,1027404,87322432762504,87322441437430,1039713865,0
1763637722935,1331,7553362,87322373864673,87322441470598,883935076,0
1763637722935,1327,10136622,87322381474819,87322441406140,676728137,0
1763637722935,1338,3048388,87322415616515,87322441161433,847443950,0
1763637723039,1334,883652,87322535727178,87322543288845,980416808,0
1763637723039,1336,11238024,87322477208417,87322542399376,875508471,0
1763637723039,1329,2433206,87322531896729,87322543317876,1692287825,0
1763637723039,1339,2511432,87322514167060,87322543331812,820410050,0
1763637723039,1337,1868776,87322526149108,87322543375746,890288904,0
1763637723039,1335,5917078,87322529354814,87322543383843,3400422492,0
1763637723039,1330,3242876,87322514242705,87322543376643,891676599,0
1763637723039,1333,9024674,87322467552705,87322543289287,984606750,0
1763637723039,1340,2219700,87322523435641,87322543406702,892461955,0
1763637723039,1328,2733410,87322520517360,87322543288403,919280161,0
1763637723039,1341,2853900,87322529625677,87322543473818,1696612973,0
1763637723039,1342,12688228,87322528628038,87322543513822,6799755756,0
1763637723039,1332,1621446,87322533072625,87322543409031,1015363941,0
1763637723039,1331,7737288,87322473937283,87322543591680,883644196,0
1763637723039,1327,4523960,87322481508742,87322543598719,988917141,0
1763637723039,1338,3264016,87322515642510,87322543287960,895529008,0
1763637723140,1334,947072,87322635741559,87322643835118,959026503,0
1763637723140,1336,7312318,87322577428678,87322643865311,1083301227,0
1763637723140,1329,2629816,87322631947704,87322643871195,1689115647,0
1763637723140,1339,3972198,87322614310861,87322641862051,907970113,0
1763637723140,1337,1862426,87322626179274,87322643867622,787340745,0
1763637723140,1335,6229950,87322629410191,87322643948493,3397236284,0
1763637723140,1330,2367680,87322614283937,87322643952385,841754735,0
1763637723140,1333,9145148,87322567634594,87322643836442,966043034,0
1763637723140,1340,2689008,87322623436286,87322643981489,950036847,0
1763637723140,1328,3813640,87322620547713,87322652274481,938612937,0
1763637723140,1341,4855866,87322629701799,87322652321718,1690728418,0
1763637723140,1342,20290172,87322628628090,87322652346940,6792085074,0
1763637723140,1332,1471344,87322636436106,87322651049044,933904303,0
1763637723140,1331,11358514,87322575323653,87322651683276,868934105,0
1763637723140,1327,7794310,87322581521826,87322652413140,805598660,0
1763637723140,1338,4420366,87322615694430,87322652275805,921900572,0
1763637723249,1334,2274680,87322735781819,87322752753928,947110916,0
1763637723249,1336,11472670,87322677497161,87322752791209,969231393,0
1763637723249,1329,4137090,87322731963654,87322752676441,1658571668,0
1763637723249,1339,2363452,87322714791763,87322752830829,878717151,0
1763637723249,1337,2826442,87322726218728,87322752845679,808189068,0
1763637723249,1335,9468598,87322729463524,87322752840498,3325361431,0
1763637723249,1330,3847496,87322714304444,87322752846583,817551541,0
1763637723249,1333,9798414,87322667659374,87322752754374,960244141,0
1763637723249,1340,3173122,87322723513432,87322752893636,923939059,0
1763637723249,1328,4035618,87322720577424,87322752753485,942616963,0
1763637723249,1341,4688852,87322729701937,87322752943425,1658322927,0
1763637723249,1342,20562886,87322728670264,87322752961982,6760703125,0
1763637723249,1332,3786166,87322737595933,87322759301718,936229189,0
1763637723249,1331,8646292,87322676240068,87322759346474,981042711,0
1763637723249,1327,6229950,87322681532064,87322759351350,899623025,0
1763637723249,1338,5285000,87322715781458,87322759266474,935933237,0
1763637723356,1334,2940582,87322835814496,87322861243404,879057592,0
1763637723356,1336,11288776,87322777529476,87322858778715,1104409330,0
1763637723356,1329,5942446,87322831992632,87322861291825,1622397925,0
1763637723356,1339,4058880,87322814819680,87322860053417,774545081,0
1763637723356,1337,3633958,87322826243888,87322861343089,826367730,0
1763637723356,1335,12749526,87322829490375,87322861358233,3265507940,0
1763637723356,1330,4883356,87322814310068,87322861342190,812697773,0
1763637723356,1333,9635612,87322768623249,87322861242508,921248641,0
1763637723356,1340,4035634,87322823536927,87322861398625,886530738,0
1763637723356,1328,4718448,87322820577619,87322861241177,960486807,0
1763637723356,1341,6432894,87322829731832,87322861427880,1623534625,0
1763637723356,1342,27824468,87322828676080,87322861484618,6750378921,0
1763637723356,1332,2500854,87322839726869,87322860883653,977970374,0
1763637723356,1331,8965514,87322776244296,87322861535570,907724036,0
1763637723356,1327,9618700,87322781997416,87322861534507,752144121,0
1763637723356,1338,4948882,87322817167789,87322861243848,1045038097,0
1763637723462,1334,2289470,87322935863675,87322964391111,903873715,0
1763637723462,1336,10669366,87322877529738,87322965370225,1060493813,0
1763637723462,1329,6485752,87322932035933,87322965377988,1609353113,0
1763637723462,1339,6090442,87322914826472,87322965370666,803448593,0
1763637723462,1337,3995476,87322926265621,87322965426284,828030586,0
1763637723462,1335,14102486,87322929517354,87322965430481,3227463573,0
1763637723462,1330,5356892,87322914482767,87322965425847,822259333,0
1763637723462,1333,10225426,87322868717057,87322964390226,877114419,0
1763637723462,1340,4249124,87322923571928,87322965492123,863551224,0
1763637723462,1328,6088320,87322920585196,87322965317164,947910288,0
1763637723462,1341,6957166,87322929771202,87322965488671,1609530513,0
1763637723462,1342,30851716,87322928692166,87322965568991,6740812546,0
1763637723462,1332,2598098,87322940432660,87322965599487,937791075,0
1763637723462,1331,9346050,87322876246408,87322965643814,874709849,0
1763637723462,1327,8086042,87322882018363,87322965599046,888483205,0
1763637723462,1338,6711958,87322917193233,87322965316480,976998610,0
1763637723562,1334,4798764,87323036435320,87323064848466,973818427,0
1763637723562,1336,13943944,87322977572915,87323065810412,1011863119,0
1763637723562,1329,6919114,87323032068183,87323065808425,1604102981,0
1763637723562,1339,2999758,87323015932525,87323065762330,814464372,0
1763637723562,1337,4139228,87323026294997,87323065868649,827478394,0
1763637723562,1335,15083382,87323029535728,87323065895392,3209931300,0
1763637723562,1330,5456242,87323014549179,87323065870133,832213456,0
1763637723562,1333,15299010,87322969881684,87323065714739,848299005,0
1763637723562,1340,4479558,87323023598369,87323065940904,843981180,0
1763637723562,1328,3124476,87323021380277,87323065784071,879158886,0
1763637723562,1341,7422246,87323029773974,87323065976125,1603327760,0
1763637723562,1342,32807174,87323028713389,87323068076490,6718271755,0
1763637723562,1332,1767304,87323040537205,87323068189800,803488217,0
1763637723562,1331,9743482,87322976313688,87323068197142,855479690,0
1763637723562,1327,13783280,87322982060981,87323068219109,843786124,0
1763637723562,1338,3559976,87323018126846,87323068105940,903283703,0
1763637723666,1334,4327350,87323136528527,87323170237890,1124488944,0
1763637723666,1336,13603582,87323077609514,87323170286882,1139477208,0
1763637723666,1329,7591382,87323132090719,87323170293305,1609501763,0
1763637723666,1339,3659326,87323117392421,87323169893931,676764336,0
1763637723666,1337,4585290,87323126301045,87323170336868,830426955,0
1763637723666,1335,16267222,87323129588112,87323170273921,3226315362,0
1763637723666,1330,5449892,87323114638807,87323170337745,834643122,0
1763637723666,1333,8456,87323170198606,87323170242312,1035482180,0
1763637723666,1340,4991162,87323123612790,87323170374371,840417368,0
1763637723666,1328,5160266,87323122743135,87323169356833,741236604,0
1763637723666,1341,8115638,87323129783629,87323170334995,1608626607,0
1763637723666,1342,34904262,87323128788603,87323170409837,6703843229,0
1763637723666,1332,2261964,87323141326233,87323169894819,680369754,0
1763637723666,1331,9925270,87323076342502,87323170498308,851942255,0
1763637723666,1327,14151116,87323082065127,87323170541597,1068496893,0
1763637723666,1338,5158160,87323119468850,87323170241872,752944833,0
1763637723771,1334,5843096,87323236535980,87323275274772,988817559,0
1763637723771,1336,15605548,87323177695717,87323275320980,1156079560,0
1763637723771,1329,8551122,87323232166211,87323275292581,1592847371,0
1763637723771,1339,4025056,87323218686052,87323274801370,614617423,0
1763637723771,1337,5075738,87323226329611,87323275386158,830708787,0
1763637723771,1335,18290328,87323229588260,87323275376937,3215313309,0
1763637723771,1330,6251138,87323214702904,87323275387204,822359623,0
1763637723771,1333,682814,87323270420562,87323274726654,912774848,0
1763637723771,1340,5464682,87323223640029,87323275420401,843654701,0
1763637723771,1328,4737466,87323222770992,87323274982418,862113226,0
1763637723771,1341,9083866,87323229830925,87323275455310,1591617020,0
1763637723771,1342,39098438,87323228795222,87323275512653,6689453023,0
1763637723771,1332,2477608,87323241379744,87323275555443,606067720,0
1763637723771,1331,10337524,87323176386156,87323275575709,847658484,0
1763637723771,1327,14567566,87323183165837,87323275594354,1170242239,0
1763637723771,1338,6563962,87323219828504,87323275087560,876453255,0
1763637723872,1334,5635924,87323341819913,87323375503334,871412780,0
1763637723872,1336,12741070,87323279240326,87323375561973,1213335505,0
1763637723872,1329,8830186,87323332195622,87323375786718,1596886581,0
1763637723872,1339,6705608,87323318691800,87323375815946,661678982,0
1763637723872,1337,5240614,87323326336652,87323375814665,834067311,0
1763637723872,1335,18601078,87323329633124,87323375869268,3211294398,0
1763637723872,1330,6523820,87323314765633,87323375870137,827209959,0
1763637723872,1333,826566,87323370492949,87323375741261,1040443363,0
1763637723872,1340,5597872,87323323685785,87323375871640,847899676,0
1763637723872,1328,2775674,87323322800437,87323375069016,779763616,0
1763637723872,1341,9407300,87323329873141,87323375939983,1595493395,0
1763637723872,1342,39504326,87323328796411,87323375910583,6685145033,0
1763637723872,1332,4583152,87323341966854,87323377683798,645773043,0
1763637723872,1331,331890,87323376400929,87323379226065,844183500,0
1763637723872,1327,10119710,87323284466894,87323378722444,1197653010,0
1763637723872,1338,7944412,87323320106172,87323374879349,977743441,0
1763637723976,1334,9299510,87323442225852,87323479601995,977060502,0
1763637723976,1336,44386,87323479315368,87323479621919,937118493,0
1763637723976,1329,9586982,87323432265928,87323479645714,1613282809,0
1763637723976,1339,5160266,87323419822959,87323479622437,789798099,0
1763637723976,1337,5585188,87323426336652,87323479693645,841526775,0
1763637723976,1335,20529046,87323429724067,87323479698943,3235834417,0
1763637723976,1330,6859938,87323414766331,87323479692752,845029008,0
1763637723976,1333,8515192,87323370492949,87323464600598,1040443363,0
1763637723976,1340,5995320,87323423704137,87323479747375,852760742,0
1763637723976,1328,8052218,87323422882708,87323479602436,783438504,0
1763637723976,1341,10022466,87323429900422,87323479802973,1617247769,0
1763637723976,1342,42948024,87323428796571,87323479844489,6691904517,0
1763637723976,1332,6373702,87323442082866,87323479783015,769606432,0
1763637723976,1331,357258,87323476452571,87323479830512,853971598,0
1763637723976,1327,14400568,87323384479506,87323479905981,1017345721,0
1763637723976,1338,6136934,87323420944513,87323479601553,860442371,0
1763637724081,1334,5612678,87323542235034,87323584341006,1237494601,0
1763637724081,1336,805426,87323579352453,87323583232579,792642100,0
1763637724081,1329,10952626,87323532321167,87323585272025,1621349767,0
1763637724081,1339,6384264,87323520521305,87323583232139,698715439,0
1763637724081,1337,6612592,87323526380667,87323585326676,849210406,0
1763637724081,1335,22558486,87323529767520,87323585275799,3259697245,0
1763637724081,1330,7889448,87323514771936,87323585352998,851210955,0
1763637724081,1333,11314128,87323487747574,87323585224221,810779021,0
1763637724081,1340,5612646,87323523730495,87323576161742,858623320,0
1763637724081,1328,5697222,87323524581208,87323585224670,941242951,0
1763637724081,1341,11443090,87323529922345,87323585398702,1620306179,0
1763637724081,1342,48433862,87323528798681,87323585455210,6741048861,0
1763637724081,1332,5022864,87323542144237,87323585477389,1061290528,0
1763637724081,1331,1243048,87323576477162,87323585498728,861602842,0
1763637724081,1327,205050,87323584615407,87323585476948,1139056058,0
1763637724081,1338,9770908,87323522190601,87323584773454,753523355,0
1763637724182,1334,4371752,87323643166703,87323685718313,1138012349,0
1763637724182,1336,1198630,87323679380487,87323685672144,734720183,0
1763637724182,1329,11075238,87323632360149,87323685741681,1647830783,0
1763637724182,1339,5058794,87323620639778,87323683618525,697247883,0
1763637724182,1337,4777640,87323626416027,87323685809691,914964691,0
1763637724182,1335,22998198,87323629788386,87323685808522,3285526188,0
1763637724182,1330,6329316,87323614930918,87323685846110,905143897,0
1763637724182,1333,9157832,87323587926764,87323684173518,864657827,0
1763637724182,1340,11265514,87323623815055,87323685852394,653712626,0
1763637724182,1328,9534140,87323626032501,87323685582162,852198711,0
1763637724182,1341,11607966,87323629934854,87323685916326,1645755364,0
1763637724182,1342,48765752,87323628798871,87323685963982,6797481359,0
1763637724182,1332,6870500,87323643610813,87323690536886,1106093005,0
1763637724182,1331,1441748,87323676508740,87323692177909,869022719,0
1763637724182,1327,1126754,87323684615697,87323691895568,1158233041,0
1763637724182,1338,9005640,87323622436816,87323689804667,954997095,0
1763637724289,1334,5435086,87323743234841,87323792289785,1032671282,0
1763637724289,1336,1526324,87323779490307,87323792343994,895365116,0
1763637724289,1329,12064590,87323732542369,87323792372816,1650420853,0
1763637724289,1339,8504646,87323721076909,87323792398585,653820154,0
1763637724289,1337,6826114,87323726445355,87323792336979,819546959,0
1763637724289,1335,25467350,87323729825330,87323792432065,3292764717,0
1763637724289,1330,8062828,87323714943747,87323792337866,832536482,0
1763637724289,1333,319206,87323788010848,87323792346849,832003715,0
1763637724289,1340,7081900,87323723851763,87323792482113,942481129,0
1763637724289,1328,10267690,87323727104341,87323790540561,957110406,0
1763637724289,1341,12605774,87323729972123,87323792504392,1650580725,0
1763637724289,1342,54048646,87323728806046,87323792573812,6801275187,0
1763637724289,1332,6084108,87323745211347,87323792597568,1000313285,0
1763637724289,1331,1686956,87323776566960,87323792658638,843715201,0
1763637724289,1327,947088,87323784618460,87323792597129,1111238217,0
1763637724289,1338,6542838,87323722437268,87323792345513,989845591,0
1763637724389,1334,4147652,87323844154842,87323892560572,977679274,0
1763637724389,1336,1585500,87323879502467,87323892933252,918287572,0
1763637724389,1329,12225254,87323832554078,87323892919657,1628098176,0
1763637724389,1339,8506736,87323821088378,87323892961259,802336750,0
1763637724389,1337,7130546,87323826465680,87323895085321,825133297,0
1763637724389,1335,26279126,87323829841939,87323895036690,3266959276,0
1763637724389,1330,8443332,87323814965806,87323895083979,834242600,0
1763637724389,1333,1033754,87323888087563,87323895084567,918325380,0
1763637724389,1340,7447646,87323823921805,87323895084423,885126190,0
1763637724389,1328,9132480,87323829256009,87323895085461,1091615539,0
1763637724389,1341,13275920,87323829980229,87323895182507,1627445739,0
1763637724389,1342,56416326,87323828831663,87323895160104,6791639640,0
1763637724389,1332,5953024,87323845251359,87323895259409,991085332,0
1763637724389,1331,1985070,87323876585255,87323895277437,840355596,0
1763637724389,1327,1247260,87323884638110,87323895260746,1026948172,0
1763637724389,1338,7181250,87323823303794,87323893789306,834365198,0
1763637724494,1334,6838782,87323944178238,87323996972278,803582559,0
1763637724494,1336,2107666,87323979580430,87323997395386,926902627,0
1763637724494,1329,12901734,87323932598700,87323997235332,1624786840,0
1763637724494,1339,8868254,87323921132473,87323997394490,874918594,0
1763637724494,1337,7445556,87323926474458,87323997480579,829581882,0
1763637724494,1335,26887958,87323929905536,87323997509356,3251943463,0
1763637724494,1330,8544820,87323915090597,87323997516060,838635208,0
1763637724494,1333,1426942,87323988120923,87323997391937,1023750903,0
1763637724494,1340,7733028,87323923939786,87323997550260,861653258,0
1763637724494,1328,7430718,87323929296281,87323995596797,1123373332,0
1763637724494,1341,13464058,87323930215466,87323997568014,1626378003,0
1763637724494,1342,58310470,87323928836105,87323997618424,6792951479,0
1763637724494,1332,6202476,87323945266552,87323997652721,970275259,0
1763637724494,1331,2314854,87323976589869,87323997665120,840424167,0
1763637724494,1327,1511518,87323984639660,87323997718245,981338274,0
1763637724494,1338,6900096,87323923353604,87323995597241,777228859,0
1763637724595,1334,9016202,87324044297171,87324099152584,971724321,0
1763637724595,1336,2293698,87324079582725,87324099199956,936638853,0
1763637724595,1329,13423900,87324032691973,87324099208050,1609051153,0
1763637724595,1339,9062742,87324021166090,87324099200406,903905851,0
1763637724595,1337,7646394,87324026529072,87324099243453,834490526,0
1763637724595,1335,28095060,87324029905875,87324099259530,3222881597,0
1763637724595,1330,8965546,87324015187969,87324099278694,834527945,0
1763637724595,1333,1735586,87324088182592,87324099151696,1151262108,0
1763637724595,1340,7990920,87324023967344,87324099282332,848270789,0
1763637724595,1328,4386542,87324029297396,87324098842309,942541299,0
1763637724595,1341,13937594,87324030221673,87324099258876,1608003667,0
1763637724595,1342,59513328,87324028850840,87324099396288,6786493980,0
1763637724595,1332,6318770,87324045281815,87324099438229,957417705,0
1763637724595,1331,2431132,87324076635416,87324099460080,843668651,0
1763637724595,1327,1746164,87324084666755,87324099445060,960273017,0
1763637724595,1338,4642344,87324023382835,87324098842750,733687481,0
1763637724696,1334,5251176,87324144387246,87324199729601,1091695895,0
1763637724696,1336,2424766,87324179658741,87324199725645,928739113,0
1763637724696,1329,13290710,87324133113537,87324199779704,1602283954,0
1763637724696,1339,9047936,87324121208718,87324199726089,919202706,0
1763637724696,1337,5378032,87324126530626,87324198337008,835729079,0
1763637724696,1335,27868854,87324129933009,87324199830706,3212488530,0
1763637724696,1330,9612366,87324115252891,87324199854455,841820981,0
1763637724696,1333,1008386,87324188226320,87324199729161,1044564878,0
1763637724696,1340,5618996,87324123967560,87324198423346,844989925,0
1763637724696,1328,12233710,87324129349561,87324199641003,764540865,0
1763637724696,1341,13747334,87324130283580,87324199818385,1607162860,0
1763637724696,1342,60035494,87324128896228,87324199956441,6772760136,0
1763637724696,1332,7365176,87324145337646,87324208268958,945389260,0
1763637724696,1331,4741694,87324176641218,87324208308797,912087321,0
1763637724696,1327,2769340,87324184690357,87324208271616,942740924,0
1763637724696,1338,7130498,87324123463004,87324207923022,645753021,0
1763637724805,1334,3900322,87324244535762,87324308521414,906975055,0
1763637724805,1336,3424680,87324279687183,87324308556823,932532881,0
1763637724805,1329,15159486,87324233475453,87324308571492,1599205975,0
1763637724805,1339,10259250,87324221245126,87324308556368,919863940,0
1763637724805,1337,4773396,87324226597563,87324307699439,707120760,0
1763637724805,1335,31995382,87324229939673,87324308625663,3202630681,0
1763637724805,1330,14430148,87324215338006,87324308613311,861178876,0
1763637724805,1333,1319136,87324289035834,87324308522298,814020458,0
1763637724805,1340,4830482,87324224045375,87324307698994,720167888,0
1763637724805,1328,13438690,87324229403677,87324307297570,1105797368,0
1763637724805,1341,15793686,87324230360007,87324308630001,1598007394,0
1763637724805,1342,67510598,87324228909863,87324308739486,6768318940,0
1763637724805,1332,7413806,87324245390160,87324308794308,938798580,0
1763637724805,1331,4084248,87324276904786,87324308801461,1056106806,0
1763637724805,1327,2830670,87324284691554,87324308794748,939404779,0
1763637724805,1338,12426076,87324223972383,87324307751927,656625662,0
1763637724908,1334,4811480,87324345222611,87324412152059,706696444,0
1763637724908,1336,3822128,87324379687262,87324412145869,933207031,0
1763637724908,1329,15704898,87324333478236,87324412106828,1601885939,0
1763637724908,1339,10616572,87324321357167,87324412210120,930657764,0
1763637724908,1337,8895712,87324326635198,87324412194656,609764997,0
1763637724908,1335,33014330,87324329945292,87324412273404,3218011698,0
1763637724908,1330,10288830,87324315349222,87324411642410,1029122226,0
1763637724908,1333,2390926,87324389602335,87324411551742,671958176,0
1763637724908,1340,9132480,87324324070608,87324412305247,609726311,0
1763637724908,1328,13210394,87324329537381,87324412151618,1191656479,0
1763637724908,1341,16322186,87324330436030,87324412356836,1600530512,0
1763637724908,1342,70554758,87324328913149,87324412379364,6765095412,0
1763637724908,1332,7855624,87324345446134,87324412421537,934557802,0
1763637724908,1331,2974390,87324377966331,87324411641078,999794934,0
1763637724908,1327,3270366,87324384710836,87324412475680,939429096,0
1763637724908,1338,13362586,87324325700908,87324411857289,927215134,0
1763637725009,1334,4202616,87324446045217,87324512969961,680777647,0
1763637725009,1336,3853814,87324479700214,87324512980325,934751920,0
1763637725009,1329,15996630,87324433505335,87324513092144,1601678298,0
1763637725009,1339,10766594,87324421365793,87324513074532,934768708,0
1763637725009,1337,9811066,87324426710139,87324513162099,748490054,0
1763637725009,1335,33314518,87324430036904,87324513161655,3212147738,0
1763637725009,1330,8703346,87324415831627,87324512094420,928262357,0
1763637725009,1333,3891866,87324489626643,87324513054251,885654592,0
1763637725009,1340,9832206,87324424353079,87324511191387,739373788,0
1763637725009,1328,5834640,87324429580404,87324512967239,1230347490,0
1763637725009,1341,16690022,87324430441306,87324513242907,1599145987,0
1763637725009,1342,71444744,87324428935175,87324513291679,6760144876,0
1763637725009,1332,8083936,87324445447193,87324513328152,936920167,0
1763637725009,1331,2900392,87324481009673,87324513093383,824701683,0
1763637725009,1327,3479644,87324484714752,87324513358604,943063531,0
1763637725009,1338,13024346,87324427899821,87324513055136,1033028417,0
1763637725110,1334,4716326,87324546324228,87324613026016,594458900,0
1763637725110,1336,2196454,87324581941912,87324613017269,846665591,0
1763637725110,1329,16690022,87324533531262,87324613664324,1615109953,0
1763637725110,1339,6978306,87324521384804,87324613016825,935588623,0
1763637725110,1337,12068818,87324528013778,87324613707771,844525309,0
1763637725110,1335,35073366,87324530039391,87324613715886,3230938418,0
1763637725110,1330,6762678,87324518566483,87324612206563,813615680,0
1763637725110,1333,3883410,87324589644348,87324613608274,1089934965,0
1763637725110,1340,6221494,87324525554118,87324611626235,790561070,0
1763637725110,1328,6568206,87324529591502,87324613610489,886158151,0
1763637725110,1341,17383414,87324530450196,87324613755883,1613306092,0
1763637725110,1342,73023910,87324528940886,87324613773972,6779866755,0
1763637725110,1332,12237938,87324545919320,87324613877078,1021998120,0
1763637725110,1331,4868534,87324581747628,87324613617038,892910209,0
1763637725110,1327,5249054,87324584715172,87324613921442,942528987,0
1763637725110,1338,14491462,87324527900145,87324613369621,1134814925,0
1763637725215,1334,7115724,87324646582861,87324717761263,594787546,0
1763637725215,1336,4714220,87324683078585,87324718449323,775078833,0
1763637725215,1329,17586358,87324633616371,87324718488576,1643649145,0
1763637725215,1339,10901906,87324621434067,87324718449765,767411591,0
1763637725215,1337,12445110,87324628232227,87324717762799,983867194,0
1763637725215,1335,36764566,87324630075443,87324718543970,3297944882,0
1763637725215,1330,6961394,87324618864517,87324718532418,687387297,0
1763637725215,1333,4965778,87324689661876,87324718438781,1193090839,0
1763637725215,1340,6492086,87324625756154,87324718241782,676128800,0
1763637725215,1328,9576404,87324629654237,87324718369769,757107669,0
1763637725215,1341,18275522,87324630503393,87324718604142,1642506796,0
1763637725215,1342,77015142,87324628945266,87324718652661,6829007066,0
1763637725215,1332,8234022,87324647511119,87324718682769,1203514801,0
1763637725215,1331,4898130,87324682169823,87324718736951,1006920208,0
1763637725215,1327,3813656,87324684739314,87324718740479,1075384406,0
1763637725215,1338,9707488,87324627973369,87324718370219,1234857848,0
1763637725315,1334,10794084,87324747447321,87324819093362,708354303,0
1763637725315,1336,5111652,87324783115627,87324819159499,885499522,0
1763637725315,1329,18960458,87324733658138,87324819156354,1647292759,0
1763637725315,1339,12462054,87324721518576,87324819160389,834874916,0
1763637725315,1337,13561302,87324728265489,87324819219611,1040883645,0
1763637725315,1335,39369014,87324730119389,87324819211769,3312382238,0
1763637725315,1330,7303862,87324721764323,87324817617571,617178789,0
1763637725315,1333,3636080,87324790986495,87324819094249,1015153418,0
1763637725315,1340,6834570,87324725773424,87324817135645,616556304,0
1763637725315,1328,8580734,87324730821279,87324819093805,832333949,0
1763637725315,1341,19620026,87324730541239,87324819236347,1648782611,0
1763637725315,1342,77319558,87324729008460,87324819346600,6844795314,0
1763637725315,1332,9498178,87324747595653,87324819403311,1067797038,0
1763637725315,1331,5988954,87324782256754,87324818813516,1064281856,0
1763637725315,1327,4870672,87324784829784,87324819404210,1010715378,0
1763637725315,1338,12591000,87324728007194,87324819091143,1049638329,0
1763637725417,1334,4931970,87324848970746,87324920783188,858671163,0
1763637725417,1336,5206774,87324883229080,87324921290634,1003337517,0
1763637725417,1329,20765814,87324833667750,87324921308875,1723447410,0
1763637725417,1339,13834032,87324821568740,87324921340979,930037037,0
1763637725417,1337,13523250,87324828787826,87324920831461,1115510996,0
1763637725417,1335,43698486,87324830184270,87324921392271,3443644521,0
1763637725417,1330,8343950,87324823688796,87324921394660,605930191,0
1763637725417,1333,4879112,87324891008156,87324919738444,1126675166,0
1763637725417,1340,8200214,87324826486601,87324920287712,601302767,0
1763637725417,1328,15732404,87324830833624,87324921267377,835363704,0
1763637725417,1341,21605080,87324830584060,87324921489812,1717723091,0
1763637725417,1342,77983338,87324829008740,87324921526000,6842755839,0
1763637725417,1332,10195766,87324847595687,87324921542936,1071361056,0
1763637725417,1331,6492086,87324882448474,87324921502916,1160232271,0
1763637725417,1327,5092634,87324884843032,87324921579631,1064731263,0
1763637725417,1338,6369474,87324828021829,87324920783630,1053664887,0
1763637725518,1334,10563650,87324948989806,87325021511969,696579124,0
1763637725518,1336,5344192,87324983268460,87325021901758,1051683762,0
1763637725518,1329,20858830,87324933668420,87325021883999,1806929052,0
1763637725518,1339,57070,87325021632395,87325021945870,1062844309,0
1763637725518,1337,13485214,87324929499923,87325021971258,1136422348,0
1763637725518,1335,43698486,87324930214809,87325021936288,3634323641,0
1763637725518,1337,14201852,87324929499923,87325028096064,1136422348,0
1763637725518,1335,46674998,87324930214809,87325028049895,3634323641,0
1763637725518,1330,566552,87325023694722,87325028096507,973924758,0
1763637725518,1333,2403610,87324991301895,87325027343099,1150404737,0
1763637725518,1340,0,87325028029248,87325028029248,684948340,0
1763637725518,1328,10948398,87324930833797,87325027344456,1105830581,0
1763637725518,1341,23103898,87324930602109,87325028124499,1806354772,0
1763637725518,1342,83498772,87324929009080,87325028218150,6793281015,0
1763637725518,1332,11244406,87324947610065,87325028274328,1089888763,0
1763637725518,1331,4707870,87324982803446,87325028030223,1054673509,0
1763637725518,1327,6105248,87324984868367,87325028310486,1086432138,0
1763637725518,1338,12155484,87324929682288,87325028084150,793753685,0
1763637725626,1334,12407058,87325049940750,87325128516898,907661924,0
1763637725626,1336,6502664,87325083292020,87325130076703,1078816320,0
1763637725626,1329,22755096,87325033668808,87325130061441,1850532851,0
1763637725626,1339,1200768,87325121674445,87325130077539,1083196533,0
1763637725626,1337,12377462,87325029544428,87325129414367,1151500461,0
1763637725626,1335,47452950,87325030253424,87325130130914,3724099056,0
1763637725626,1330,703954,87325123700467,87325129994784,1021097532,0
1763637725626,1333,3866498,87325092795818,87325130045218,876220982,0
1763637725626,1340,399538,87325128122481,87325129309686,714783295,0
1763637725626,1328,7346142,87325030856661,87325127858102,999797275,0
1763637725626,1341,23526698,87325030632599,87325130159660,1849284437,0
1763637725626,1342,1046438,87325129032431,87325130270157,6743469450,0
1763637725626,1332,11447286,87325047662708,87325130313325,1102072532,0
1763637725626,1331,6572418,87325082835041,87325130330920,1003935453,0
1763637725626,1327,6470930,87325084918864,87325130356451,1105847556,0
1763637725626,1338,16404640,87325031884568,87325130046116,890242509,0
1763637725727,1334,10183146,87325151465595,87325230612004,1015538433,0
1763637725727,1336,6521666,87325183293366,87325230630506,1092591594,0
1763637725727,1329,22829078,87325133718460,87325230566039,1870178057,0
1763637725727,1339,1226120,87325221689057,87325230632293,1092424579,0
1763637725727,1337,12671316,87325130781390,87325229039685,1064883201,0
1763637725727,1335,234646,87325230351108,87325230639274,3770834449,0
1763637725727,1330,1414258,87325224044883,87325230716518,984735032,0
1763637725727,1333,5487944,87325192800007,87325229602982,890233551,0
1763637725727,1340,369958,87325229270078,87325230189913,814519739,0
1763637725727,1328,12411302,87325131020083,87325229605640,793349634,0
1763637725727,1341,19018,87325230786675,87325230793448,1877865015,0
1763637725727,1342,1486150,87325229033511,87325230843248,6744627577,0
1763637725727,1332,11517040,87325147665205,87325230837488,1103959339,0
1763637725727,1331,4595836,87325184893995,87325229505787,1025854969,0
1763637725727,1327,6377946,87325184963434,87325230835265,1114995982,0
1763637725727,1338,11062570,87325132725762,87325230612449,1106650668,0
1763637725831,1334,6944498,87325252352264,87325334248702,1011675951,0
1763637725831,1336,7259476,87325283299410,87325335096043,1103088144,0
1763637725831,1329,346696,87325333788170,87325335106643,1898407446,0
1763637725831,1339,1881460,87325321689097,87325335096487,1100332147,0
1763637725831,1337,570780,87325331108980,87325334047824,977078999,0
1763637725831,1335,2399382,87325330395585,87325335151490,3816585178,0
1763637725831,1330,896320,87325325724232,87325334987882,1050144729,0
1763637725831,1333,7418018,87325292839338,87325335047203,997921751,0
1763637725831,1340,412222,87325331163394,87325334988336,993576404,0
1763637725831,1328,655340,87325331069174,87325335044985,1057666261,0
1763637725831,1341,1107736,87325330795308,87325335238125,1899535418,0
1763637725831,1342,5352648,87325329033772,87325335293686,6781933209,0
1763637725831,1332,12263306,87325247697485,87325335330274,1106682691,0
1763637725831,1331,4991146,87325286329474,87325335347304,927576721,0
1763637725831,1327,7185478,87325284964740,87325335367961,1114064002,0
1763637725831,1338,175470,87325333161535,87325334247812,858164228,0
1763637725933,1334,7927484,87325353184266,87325437209981,823676591,0
1763637725933,1336,7606172,87325383368246,87325437225040,1112381773,0
1763637725933,1329,843478,87325433799553,87325437243756,1897520736,0
1763637725933,1339,2147824,87325421696408,87325437268722,1093087100,0
1763637725933,1337,435484,87325431147251,87325437320384,965866821,0
1763637725933,1335,3380278,87325430398458,87325437317213,3814558461,0
1763637725933,1330,1283190,87325427037809,87325436323748,993971098,0
1763637725933,1333,6088320,87325392906453,87325436023680,1201014172,0
1763637725933,1340,972440,87325431216066,87325437371629,975821325,0
1763637725933,1328,672236,87325432277014,87325436023235,1130232705,0
1763637725933,1341,1574922,87325430813066,87325437385039,1899123682,0
1763637725933,1342,7134758,87325429106928,87325437439148,6799116378,0
1763637725933,1332,12789684,87325347744641,87325437500180,1113455378,0
1763637725933,1331,5665520,87325386350624,87325437318871,945002103,0
1763637725933,1327,7523718,87325385000078,87325437502420,1124398225,0
1763637725933,1338,536956,87325433540783,87325437209103,770172296,0
1763637726034,1334,9371370,87325453199031,87325536613650,807181843,0
1763637726034,1336,7546996,87325483385089,87325537869750,1111909846,0
1763637726034,1329,968212,87325533867372,87325537890434,1896542551,0
1763637726034,1339,2312716,87325521711683,87325537915347,1087898218,0
1763637726034,1337,881530,87325531956585,87325537966501,977077415,0
1763637726034,1335,3549398,87325530422880,87325537964157,3813134422,0
1763637726034,1330,1359310,87325527609098,87325536158933,966822064,0
1763637726034,1333,7599822,87325493251537,87325537859799,1069212379,0
1763637726034,1340,1566466,87325531956095,87325543212839,1020838601,0
1763637726034,1328,1384678,87325533121165,87325543317424,1089024020,0
1763637726034,1341,3177334,87325530864650,87325544173064,1898004916,0
1763637726034,1342,12842558,87325529185595,87325544217865,6795522205,0
1763637726034,1332,13578198,87325447786432,87325544246038,1125747170,0
1763637726034,1331,6988884,87325487079778,87325544280661,923384854,0
1763637726034,1327,8286864,87325485056614,87325544302201,1137303811,0
1763637726034,1338,987230,87325533541441,87325544099421,814056525,0
1763637726141,1334,10422020,87325553792108,87325636854852,841383593,0
1763637726141,1336,7978268,87325583426178,87325638275373,1111709528,0
1763637726141,1329,22951690,87325533867372,87325631153982,1896542551,0
1763637726141,1339,2727060,87325621744599,87325638274485,1095944854,0
1763637726141,1337,1238788,87325631977559,87325638164574,977531186,0
1763637726141,1335,47114710,87325530422880,87325629962970,3813134422,0
1763637726141,1330,1904706,87325627643355,87325638164135,986033888,0
1763637726141,1333,6200354,87325593333808,87325637959728,1154597396,0
1763637726141,1340,1211330,87325631978044,87325638167737,1004648582,0
1763637726141,1328,1295874,87325633164268,87325637951852,1066445361,0
1763637726141,1341,156436,87325630876007,87325631247941,1891147218,0
1763637726141,1342,84623420,87325529185595,87325628851867,6795522205,0
1763637726141,1332,13054006,87325547919658,87325638304776,1124786570,0
1763637726141,1331,7024846,87325587131872,87325638168495,950279582,0
1763637726141,1327,7733060,87325585074872,87325638060441,1125799941,0
1763637726141,1338,469308,87325633543145,87325636583072,871338990,0
1763637726241,1334,48614,87325658209266,87325658245092,820018581,0
1763637726241,1337,1331804,87325631977559,87325658263002,977531186,0
1763637726241,1330,1985038,87325627643355,87325675059964,986033888,0
1763637726241,1340,1240926,87325631978044,87325674913436,1004648582,0
1763637726241,1331,7100950,87325587131872,87325654094793,950279582,0
1763637726442,1,5152,87325888954749,87325918515959,6341,0
1763637726442,1326,444,87325850143597,87325851669666,11258,0
